ProductId,Image Url,Video Url,Product Desc,Origin Price,Discount Price,Discount,Currency,Direct linking commission rate (%),Estimated direct linking commission,Indirect linking commission rate (%),Estimated indirect linking commission,Sales180Day,Positive Feedback,Promotion Url,Code Name,Code Start Time,Code End Time,Code Value,Code Quantity,Code Minimum Spend
1005007490157182,https://ae-pic-a1.aliexpress-media.com/kf/S8b0a385d398240ecaddee0821d5138b8b.jpg,,12 In 1 Screwdriver Set Magnetic Bit Cross Flat Shaped Screwdriver Head Multifunctional Precision Handheld Maintenance Tool Home,UGX 50144,UGX 23006,54%,UGX,7.0,UGX 1610,7.0,UGX 1610,21273,88.7%,https://s.click.aliexpress.com/e/_c3i1pwQH,,,,,,
1005007464508256,https://ae-pic-a1.aliexpress-media.com/kf/Se05000b63158401690e936ccdde368a3Z.png,,Original Military Men Smart Watches Wireless Call Fitness Clock IP68 Swim Waterproof Sport Smartwatch for Women IOS Android 2025,UGX 101536,UGX 93784,7%,UGX,7.0,UGX 6565,7.0,UGX 6565,328,94.2%,https://s.click.aliexpress.com/e/_c2y5XHjT,,,,,,
1005007720902198,https://ae-pic-a1.aliexpress-media.com/kf/S01f3619ae036482082c3cd5c9bcf537eX.jpg,,New Arrival Men Vintage pc Frame Sunglasses Classic Brand Sun Glasses Coating Lens Driving Eyewear for Men women sunglasses,UGX 39409,UGX 17639,55%,UGX,18.0,UGX 3175,18.0,UGX 3175,3071,87.9%,https://s.click.aliexpress.com/e/_c3DEzEzT,,,,,,
1005006054695393,https://ae-pic-a1.aliexpress-media.com/kf/Sf5c57ac1d58e45b7b032f40369f518351.jpg,https://video.aliexpress-media.com/play/u/ae_sg_item/2676890145/p/1/e/6/t/10301/1100183591691.mp4,SATA to USB 3.0 Adapter Cable for 3.5/2.5 Inch SSD HDD SATA III Hard Drive Disk Converter Support UASP with 12V Power Adapter,UGX 63387,UGX 29628,53%,UGX,3.0,UGX 889,3.0,UGX 889,6055,93.5%,https://s.click.aliexpress.com/e/_c4UWtopj,,,,,,
1005010507330002,https://ae-pic-a1.aliexpress-media.com/kf/S9440e0d131914590a251018d397544c3M.jpg,,"Stylish Corduroy Tote Bag for Women, Large Capacity Plush Shoulder Bag, Versatile Commuter & Travel Bag.",UGX 114754,UGX 53019,53%,UGX,7.0,UGX 3711,7.0,UGX 3711,1434,83.8%,https://s.click.aliexpress.com/e/_c2wAyZLL,,,,,,
1005007419812954,https://ae-pic-a1.aliexpress-media.com/kf/Sc11172d1d04c40f28ee749b37b871acae.jpg,https://video.aliexpress-media.com/play/u/ae_sg_item/231054685/p/1/e/6/t/10301/1100131739196.mp4,Terios T3 X3 Wireless Joystick Gamepad PC Game Controller for PS3/IOS Phone/TV Box For Nintendo Switch Accessories,UGX 119363,UGX 55231,53%,UGX,7.0,UGX 3866,7.0,UGX 3866,1183,90.4%,https://s.click.aliexpress.com/e/_c4FExOVj,,,,,,
1005008530350568,https://ae-pic-a1.aliexpress-media.com/kf/Sbb06692bb1f84f3da128a8929acf16a24.jpg,,2026 Smart Watch Android IOS Phone 2.01 Inch Color Screen Bluetooth Answer Call Fitness Watches Tracker Smartwatch Women Men,UGX 81728,UGX 37979,53%,UGX,7.0,UGX 2659,7.0,UGX 2659,2396,89.3%,https://s.click.aliexpress.com/e/_c2zL3fPj,,,,,,
1005007021015396,https://ae-pic-a1.aliexpress-media.com/kf/S9acb1a835ed64a68a411003140342648P.jpg,,Carving Hair Clipper Professional Hair Cutting Machine Barber Rechargeable Hair Trimmer Metal Haircut Machine Clipper for Men,UGX 37037,UGX 4090,88%,UGX,7.0,UGX 286,7.0,UGX 286,14495,83.3%,https://s.click.aliexpress.com/e/_c3EqcA4t,,,,,,
1005007877140628,https://ae-pic-a1.aliexpress-media.com/kf/S4bea25d738d043c096262796d21eace1z.jpg,,100W Car Charger USB Fast Charging For IPhone QC3.0 Mini PD USB Type C Charger Car Phone Charger For Samsung Huawei XiaoMi,UGX 8846,UGX 4090,53%,UGX,7.0,UGX 286,7.0,UGX 286,3543,89.9%,https://s.click.aliexpress.com/e/_c32I6unr,,,,,,
1005006769958544,https://ae-pic-a1.aliexpress-media.com/kf/Sc56a41ce105545a592835329d3ec9d68f.jpg,,"Leg Elevation Pillows,Inflatable Leg Pillows for Swelling, Portable Wedge Pillow for Improve Circulataion and Reduce Swelling",UGX 175193,UGX 85530,51%,UGX,7.0,UGX 5987,7.0,UGX 5987,961,91.7%,https://s.click.aliexpress.com/e/_c3BBcvYV,,,,,,
1005005385299054,https://ae-pic-a1.aliexpress-media.com/kf/Sdeb87d1656cc46418a5ee5924678d91bO.jpg,,Auto Fastener Clip Mixed Car Body Push Retainer Pin Rivet Bumper Door Trim Panel Fastener Kit Car Clip 100/50 Box /Bag packaging,UGX 49264,UGX 4090,91%,UGX,9.0,UGX 368,9.0,UGX 368,64708,95.5%,https://s.click.aliexpress.com/e/_c368bqNT,,,,,,
1005006844559078,https://ae-pic-a1.aliexpress-media.com/kf/S39476cea99f6473fb4e1b7e32a146123P.jpg,https://video.aliexpress-media.com/play/u/ae_sg_item/248305757/p/1/e/6/t/10301/1100227477371.mp4,Portable Bluetooth Selfie Stick Tripod Holder with Remote Shutter Fill Light Extendable Wireless Remote Retractable Phone Stand,UGX 76286,UGX 4090,94%,UGX,7.0,UGX 286,7.0,UGX 286,20300,86.4%,https://s.click.aliexpress.com/e/_c37e56gD,,,,,,
1005006946594338,https://ae-pic-a1.aliexpress-media.com/kf/S8b85cec76fd8405d80394da62ff2dfe4i.jpg,,Women's Satin Solid Bonnets Wide-brimmed Night Sleeping Bathing Hat Unisex Head Wrap Elastic Band Cap Hair Care Bonnet,UGX 38761,UGX 17315,55%,UGX,18.0,UGX 3117,18.0,UGX 3117,13039,94.3%,https://s.click.aliexpress.com/e/_c3HuRaNj,,,,,,
1005006311851419,https://ae-pic-a1.aliexpress-media.com/kf/Sc1fb09e51fcf478198103fb86361e363P.jpg,https://video.aliexpress-media.com/play/u/ae_sg_item/2672570190/p/1/e/6/t/10301/1100199380307.mp4,1/2/6pcs Microfiber Cleaning Towel Thicken Soft Drying Cloth Car Body Washing Towels Double Layer Clean Rags Car Accessories,UGX 40619,UGX 17263,57%,UGX,7.0,UGX 1208,7.0,UGX 1208,64085,95.1%,https://s.click.aliexpress.com/e/_c4V8dDyd,,,,,,
1005005508731517,https://ae-pic-a1.aliexpress-media.com/kf/S9e110562b051477e851e428a34616c7dx.jpg,https://video.aliexpress-media.com/play/u/ae_sg_item/4288843436/p/1/e/6/t/10301/283435590197.mp4,NORTH EDGE Mens Smart Watch Women Sportswatch Dual Time Running Pedometer Countdown Waterproof 50m Digital Alarm Military Clock,UGX 177871,UGX 81532,54%,UGX,7.0,UGX 5707,7.0,UGX 5707,327,95.4%,https://s.click.aliexpress.com/e/_c33Twd4z,,,,,,
1005006772216579,https://ae-pic-a1.aliexpress-media.com/kf/Saf6d864d56794b229b8af294ee9e06463.jpg,,"5/10/20pcs Kitchen Towel, Ultra-fine Fiber Light Gray Cleaning Cloth Set, Absorbent, Soft And Stain-removing Cloth",UGX 48616,UGX 22242,54%,UGX,7.0,UGX 1557,7.0,UGX 1557,56390,91.5%,https://s.click.aliexpress.com/e/_c4T6CUHb,,,,,,
1005007580302833,https://ae-pic-a1.aliexpress-media.com/kf/S4c27eb2440184a5c8b1165b073fd48c8W.jpg,,"1pc Women's Solid Color Satin Wide-Brimmed Shower Cap, Suitable For Daily Use Silk Bonnet Satin Bonnet",UGX 37293,UGX 16580,55%,UGX,7.0,UGX 1161,7.0,UGX 1161,15000,92.6%,https://s.click.aliexpress.com/e/_c3UqHkcD,,,,,,
1005007447970895,https://ae-pic-a1.aliexpress-media.com/kf/Sbae91d8412a34d9e93f3161ac15cc3d5S.jpg,,18 Pairs Elegant Multi-color Imitation Pearl Stud Earrings Korean Charm Ball Bead Earrings Women Trend Party Wedding Jewelry Set,UGX 34603,UGX 15235,55%,UGX,7.0,UGX 1066,7.0,UGX 1066,1758,95.7%,https://s.click.aliexpress.com/e/_c3IQ6wEd,,,,,,
1005007675382339,https://ae-pic-a1.aliexpress-media.com/kf/Se8b6b7138688440cb0d0b06be54abc10D.jpg,https://video.aliexpress-media.com/play/u/ae_sg_item/6000473106/p/1/e/6/t/10301/4000229152333.mp4,2024 Fashion Men Watch Fashion Top Luxury Sport Men's Wristwatch Waterproof Luminous Leather Date Quartz Watches Man Clock,UGX 31247,UGX 4090,86%,UGX,18.0,UGX 736,18.0,UGX 736,2960,83.6%,https://s.click.aliexpress.com/e/_c4tfXGcD,,,,,,
1005005785774950,https://ae-pic-a1.aliexpress-media.com/kf/S8c4a1b768a314fccb9be627a327fecd7t.jpg,https://video.aliexpress-media.com/play/u/ae_sg_item/2674441479/p/1/e/6/t/10301/1100159050317.mp4,Desk Mobile Phone Holder Stand For IPhone IPad Xiaomi Adjustable Desktop Tablet Holder Universal Table Cell Phone Stand,UGX 53189,UGX 4090,92%,UGX,7.0,UGX 286,7.0,UGX 286,71934,90.7%,https://s.click.aliexpress.com/e/_c4ebOBkV,,,,,,
1005006879297714,https://ae-pic-a1.aliexpress-media.com/kf/S5af35c80a477411fbaf2bf0161e99404v.jpg,https://video.aliexpress-media.com/play/u/ae_sg_item/2657928121/p/1/e/6/t/10301/1100145339148.mp4,200/300/500ml Oil Spray Bottle BBQ Cooking Olive Oil Sprayer Plastic Baking Oil Spray Empty Bottle Vinegar Bottle Or  Oil brush,UGX 31339,UGX 4090,86%,UGX,7.0,UGX 286,7.0,UGX 286,120096,90.7%,https://s.click.aliexpress.com/e/_c3Sp0jZP,,,,,,
1005007412191863,https://ae-pic-a1.aliexpress-media.com/kf/S9e1bca76edf342ada1e779410a0666f8f.jpg,,Nano Carbon Fiber Car Sticker Paste Protector Strip DIY Automotive Protective Film Auto Door Sill Side Mirror Anti Scratch Tape,UGX 34261,UGX 4090,88%,UGX,7.0,UGX 286,7.0,UGX 286,15419,89.6%,https://s.click.aliexpress.com/e/_c35ca7VJ,,,,,,
1005007255182152,https://ae-pic-a1.aliexpress-media.com/kf/Scafebc832e674c45a0b838b484c02237I.jpg,,COB LED Headlamp Induction Head Lamp Built-in Battery USB Rechargeable Head Flashlight Outdoor Camping Fishing Sensor Headlight,UGX 66786,UGX 31327,53%,UGX,7.0,UGX 2193,7.0,UGX 2193,28058,92.5%,https://s.click.aliexpress.com/e/_c3VtjnvB,,,,,,
1005010594643524,https://ae-pic-a1.aliexpress-media.com/kf/S3ea6a1a51c8e40d084076bc2b598701fa.jpg,,Men's Business Crossbody Bag with Multi-Layered Pockets Adjustable Shoulder Strap for Work Travel,UGX 96620,UGX 46244,52%,UGX,7.0,UGX 3237,7.0,UGX 3237,6828,90.9%,https://s.click.aliexpress.com/e/_c36JSZnb,,,,,,
1005010072165601,https://ae-pic-a1.aliexpress-media.com/kf/S20e5242a1d9f46baae783a883b1ed146j.jpg,,"25 in 1 mini screwdriver set, flat head and cross shaped small screwdrivers, suitable for electronic products",UGX 67495,UGX 4090,93%,UGX,7.0,UGX 286,7.0,UGX 286,74141,85.7%,https://s.click.aliexpress.com/e/_c4KSLdet,,,,,,
1005009950324652,https://ae-pic-a1.aliexpress-media.com/kf/Sfec1e19f01e742f0905226a2fad5be944.jpg,,Fashion Cartoon Spiderman Children Watches Girls Reloj Inteligente Para Niños Niña Reloj Digital Watch Women Relógio Infantil  ﻿,UGX 47870,UGX 20909,56%,UGX,18.0,UGX 3764,18.0,UGX 3764,3777,85.8%,https://s.click.aliexpress.com/e/_c3DdTP4z,,,,,,
1005007484673961,https://ae-pic-a1.aliexpress-media.com/kf/S87a9e5c68dd84df39f05ebe2630f15e3v.jpg,,High Strong Power Led Flashlights 2000LM Tactical Torch with Display Light USB Charging Camping Fishing Emergency Zoom Lantern,UGX 68926,UGX 4090,94%,UGX,7.0,UGX 286,7.0,UGX 286,63730,89.7%,https://s.click.aliexpress.com/e/_c33Q4ODT,,,,,,
1005006597735536,https://ae-pic-a1.aliexpress-media.com/kf/S5e10a041089748bb99633517a15175eez.jpg,https://video.aliexpress-media.com/play/u/ae_sg_item/2678521362/p/1/e/6/t/10301/1100216683702.mp4,18650 Battery Charger 1/2/4 Slots Dual 18650 Charging 3.7V  Rechargeable Lithium Battery USB Charger For 16340 14500 18650,UGX 44728,UGX 19852,55%,UGX,7.0,UGX 1390,7.0,UGX 1390,32156,93.0%,https://s.click.aliexpress.com/e/_c4nRyKUt,,,,,,
1005006976662169,https://ae-pic-a1.aliexpress-media.com/kf/S73780bb93d3447e8a8b6952941cecd4b7.jpg,https://video.aliexpress-media.com/play/u/ae_sg_item/2678091317/p/1/e/6/t/10301/1100164699689.mp4,Mibro Lite Smartwatch Global Version 1.3Inch AMOLED HD Display IP68 Waterproof App Control Fitness Monitoring Bluetooth Watch,UGX 224885,UGX 101383,54%,UGX,7.0,UGX 7097,7.0,UGX 7097,280,92.0%,https://s.click.aliexpress.com/e/_c3IPSjDn,,,,,,
1005009972408481,https://ae-pic-a1.aliexpress-media.com/kf/Sbdb2e7edebb0453fb5db43533a43ca99J.jpg,,Luxury Square Photochromic Myopia Glasses Men Women Anti Blue Light Color Changing Sunglasses Ultralight Minus Sight Glasses,UGX 33802,UGX 31736,6%,UGX,18.0,UGX 5712,18.0,UGX 5712,193,93.3%,https://s.click.aliexpress.com/e/_c3dhwayv,,,,,,
1005008998332691,https://ae-pic-a1.aliexpress-media.com/kf/S39012b82781140139eca7cfed4d8a317W.jpg,,POEDAGAR New Men Clock LED Luminous Waterproof Week Date Military Man Wristwatch Electronic Stainless Steel Quartz Men's Watches,UGX 164299,UGX 78439,52%,UGX,18.0,UGX 14119,18.0,UGX 14119,189,96.3%,https://s.click.aliexpress.com/e/_c3l16f8V,,,,,,
1005006347932831,https://ae-pic-a1.aliexpress-media.com/kf/S23dfc29f47e844409f81abb2cc1bfa84O.jpg,https://video.aliexpress-media.com/play/u/ae_sg_item/2676144142/p/1/e/6/t/10301/1100201503095.mp4,Heart   Letter Print Nightdress  Casual Round Neck Spaghetti Strap Sleep Dress  Women's Sleepwear   Dresses,UGX 77619,UGX 36743,52%,UGX,7.0,UGX 2572,7.0,UGX 2572,1184,93.3%,https://s.click.aliexpress.com/e/_c4o95zyd,,,,,,
1005009911948691,https://ae-pic-a1.aliexpress-media.com/kf/Sfa85c9e0b697471e9c0817090e98f2fbR.png,,LAXASFIT New Men's Smart Watch LED Flashlight Outdoor Sports Smart Watch Wristwatch Health Monitoring Smart Watch,UGX 88343,UGX 38572,56%,UGX,7.0,UGX 2700,7.0,UGX 2700,6332,86.7%,https://s.click.aliexpress.com/e/_c31IXEc1,,,,,,
1005009014734860,https://ae-pic-a1.aliexpress-media.com/kf/S3a193a5a25c442d0a9b020d903b884c6y.jpg,,Night Vision Glasses PC Frame Polarized Sunglasses Men Outdoor Sport Sun Glasses Day Night Vision Driver Night Glasses Goggles,UGX 43101,UGX 19050,55%,UGX,18.0,UGX 3429,18.0,UGX 3429,9117,84.5%,https://s.click.aliexpress.com/e/_c4pamYWd,,,,,,
1005006923559036,https://ae-pic-a1.aliexpress-media.com/kf/Se118a8ef32564d4e970a3a4e72a2a072v.jpg,,"NNBILI 100W USB C 120W USB A charging cables with LED display screen, USB C=C-C，USB A=A-C,not for Xiaomi iPhone Samsung",UGX 47479,UGX 21197,55%,UGX,9.0,UGX 1908,9.0,UGX 1908,33607,92.7%,https://s.click.aliexpress.com/e/_c4cbTKM1,,,,,,
1005007756513720,https://ae-pic-a1.aliexpress-media.com/kf/S54e1f362fd3046139c73ed299f9f824dG.jpg,,100% Natural Mulberry Silk Pillow Case Real Silk Protect Hair Skin Pillowcase Any Size Customized Bedding Pillow Cases Cover,UGX 52088,UGX 23458,54%,UGX,7.0,UGX 1642,7.0,UGX 1642,19123,92.0%,https://s.click.aliexpress.com/e/_c3mUbcop,,,,,,
1005008359205845,https://ae-pic-a1.aliexpress-media.com/kf/Sfef2cd4c7fec4e2fb797237f4502faadl.jpg,,Car Seat Gap Filler Side Seam Plug Strip Leak-proof Filling Strip For All Car Model Wallet Phone Holder Car Accessories,UGX 73731,UGX 34060,53%,UGX,9.0,UGX 3065,9.0,UGX 3065,44396,89.2%,https://s.click.aliexpress.com/e/_c2RB6oEN,,,,,,
1005008461157173,https://ae-pic-a1.aliexpress-media.com/kf/Sda59c617b6514786a143feb340f26a2fm.jpg,,2026 women's sexy lace lace camisole vest shorts sleepwear women's slim fit two-piece home outfit new product pink coffee blue,UGX 88856,UGX 4090,95%,UGX,7.0,UGX 286,7.0,UGX 286,17925,94.0%,https://s.click.aliexpress.com/e/_c3l0Qiop,,,,,,
1005007523157773,https://ae-pic-a1.aliexpress-media.com/kf/S8966345ef611456cb5d66169e707f6a9t.jpg,,11pcs Women's High-end Frosted Clip Set Women's Back Head Hair Shark Clip Headwear,UGX 94028,UGX 44948,52%,UGX,18.0,UGX 8091,18.0,UGX 8091,26632,95.2%,https://s.click.aliexpress.com/e/_c3M6KcNb,,,,,,
1005004239746517,https://ae-pic-a1.aliexpress-media.com/kf/Sdfcff8d88e564f3cb3e64798e4ecf081h.jpg,,Vumpach Fast usb c type c cable Fast Charging Data Cord Charger usb cable c For Samsung s21 s20 A51 xiaomi mi 10 redmi note 9s 8,UGX 24786,UGX 22390,9%,UGX,4.0,UGX 896,9.0,UGX 2015,3708,94.2%,https://s.click.aliexpress.com/e/_c4Nwmq8t,,,,,,
1005005135154161,https://ae-pic-a1.aliexpress-media.com/kf/S705b7df48f904ebca68083aa0496a20bI.jpg,https://video.aliexpress-media.com/play/u/ae_sg_item/2211520876262/p/1/e/6/t/10301/326444579944.mp4,Sewing Kits DIY Multi-function Sewing Box Set for Hand Quilting Stitching Embroidery Thread Sewing Accessories Sewing Kits,UGX 66908,UGX 31388,53%,UGX,7.0,UGX 2197,7.0,UGX 2197,12727,93.5%,https://s.click.aliexpress.com/e/_c3J7NEnr,,,,,,
1005005691551583,https://ae-pic-a1.aliexpress-media.com/kf/S2f6e009f019a4939bf1613806dbd87e00.jpg,,SATA to USB 3.0 / 2.0 Cable Up to 6 Gbps for 2.5 Inch External HDD SSD Hard Drive SATA 3 22 Pin Adapter USB 3.0 to Sata III Cord,UGX 43762,UGX 19375,55%,UGX,3.0,UGX 581,3.0,UGX 581,34007,93.4%,https://s.click.aliexpress.com/e/_c4Lw3Zy5,,,,,,
1005006412847837,https://ae-pic-a1.aliexpress-media.com/kf/S6e3416ec69754c9abbd97b07b4078cbfd.png,,Wireless WiFi Repeater 300Mbps WiFi Extender Amplifier Booster Router 802.11N WPS Long Range 7 Status Light WiFi Repeater for PC,UGX 72936,UGX 34402,52%,UGX,7.0,UGX 2408,7.0,UGX 2408,4592,90.3%,https://s.click.aliexpress.com/e/_c3VA9gwd,,,,,,
1005007107828823,https://ae-pic-a1.aliexpress-media.com/kf/H38da712eda8f4be7bfe7ca41e20349a19.jpg,https://video.aliexpress-media.com/play/u/ae_sg_item/2211195287335/p/1/e/6/t/10301/306685790854.mp4,Kids Clothes Set Baby Boy/Girl T-Shirt + Shorts Summer Clothing Cotton Cartoon Casual Boys Tracksuit Children Baby Clothes Set,UGX 67605,UGX 31737,53%,UGX,7.0,UGX 2222,7.0,UGX 2222,4586,92.8%,https://s.click.aliexpress.com/e/_c3gtzusp,,,,,,
1005011748828850,https://ae-pic-a1.aliexpress-media.com/kf/S868275ccbfb14da5acffc066504e65a30.jpg,,Stylish Cat Eye Photochromic Myopia Glasses Women Shining Fashionable Color Changing Glasses Elegant Near Sight Eyewear for Men,UGX 25042,UGX 17528,30%,UGX,7.0,UGX 1227,7.0,UGX 1227,26,96.0%,https://s.click.aliexpress.com/e/_c32H4z49,,,,,,
1005005748209510,https://ae-pic-a1.aliexpress-media.com/kf/S0634bc2cb9174db4a3106407d359d98aC.jpg,,For R1250GS ADV R1200GS LC R1200RT S1000RR S1000XR C600 C650GT F750GS F850GS R NINE T K1600GTL M5 Fairing Stainless Steel Screws,UGX 37138,UGX 35072,5%,UGX,8.0,UGX 2806,7.0,UGX 2455,831,97.5%,https://s.click.aliexpress.com/e/_c4kSjZMH,,,,,,
1005005788112522,https://ae-pic-a1.aliexpress-media.com/kf/Sea643ab0f6ab46f9b1010d591e6f42b6O.jpg,,"Women's elastic and elastic woven belt in one outfit, casual and versatile denim belt for men and women",UGX 56527,UGX 25635,54%,UGX,18.0,UGX 4614,18.0,UGX 4614,6783,86.9%,https://s.click.aliexpress.com/e/_c3mWAudT,,,,,,
1005005777830678,https://ae-pic-a1.aliexpress-media.com/kf/Sa93cf584fdd342fb9504757c78f6488cD.jpg,https://video.aliexpress-media.com/play/u/ae_sg_item/2671249995/p/1/e/6/t/10301/1100177974080.mp4,Anti-blue Light Reading Glasses Ultralight TR90 Sport Presbyopia Eyeglasses Women Men Far Sight Optical Eyewear Diopters To +4.0,UGX 47161,UGX 21044,55%,UGX,18.0,UGX 3788,18.0,UGX 3788,10981,90.5%,https://s.click.aliexpress.com/e/_c3ofsHWh,,,,,,
1005007043908778,https://ae-pic-a1.aliexpress-media.com/kf/Sa219b54be5f046aab538bdfd09785768z.jpg,https://video.aliexpress-media.com/play/u/ae_sg_item/2207265748858/p/1/e/6/t/10301/302061969778.mp4,LIGE 2026 Smart Watch Women Men Ladies Gift Sport Fitness Men Watches Heart Rate Monitor Waterproof Smartwatch For Android IOS,UGX 157305,UGX 75015,52%,UGX,7.0,UGX 5251,7.0,UGX 5251,3685,91.7%,https://s.click.aliexpress.com/e/_c4lXDYmN,,,,,,
1005007274435557,https://ae-pic-a1.aliexpress-media.com/kf/S0c55c0f3068b466c989e4780b7d57b6b5.jpg,,Multi-function glass wiper home window cleaning brush sprayer cleaning soap cleaning brush home automotive rubber brush,UGX 57212,UGX 4090,92%,UGX,7.0,UGX 286,7.0,UGX 286,23103,92.8%,https://s.click.aliexpress.com/e/_c3jSmCOH,,,,,,
1005001364264793,https://ae-pic-a1.aliexpress-media.com/kf/S7203107ef730486fa40cb60e49357969r.jpg,,10-20Set/Lot Gold Color OT Toggle Clasps Hooks Jewelry Lock Connectors For DIY Bracelet&Necklace Jewelry Making Accessories,UGX 23712,UGX 23712,0%,UGX,7.0,UGX 1660,7.0,UGX 1660,217,96.1%,https://s.click.aliexpress.com/e/_c36hNaCD,,,,,,
1005009277548150,https://ae-pic-a1.aliexpress-media.com/kf/Sfede3953b11442a5afb34880f82dbfa4Y.jpg,,S109 Wireless Bluetooth Universal Hook Earphone Sports Business Single Ear Headset Handsfree Headphones with Mic,UGX 23428,UGX 23428,0%,UGX,7.0,UGX 1640,7.0,UGX 1640,78,90.0%,https://s.click.aliexpress.com/e/_c3DosGYD,,,,,,
1005008680499566,https://ae-pic-a1.aliexpress-media.com/kf/S517f9fe842984a858c04198edd4074e6X.jpg,,3 Layer Heavy Duty Metal Phone Case For Samsung Z Fold 7 6 5 Shockproof Aluminium Silicone Cover With Stand PET Screen Soft Film,UGX 65899,UGX 46127,30%,UGX,7.0,UGX 3229,7.0,UGX 3229,15,96.0%,https://s.click.aliexpress.com/e/_c3NPvT5P,,,,,,
1005008543573045,https://ae-pic-a1.aliexpress-media.com/kf/S66f87b23168b488fb3ebfe1b3c35abd73.jpg,,Anti-Shock Protective Phone Case for Samsung Galaxy S23 FE S24 S25 S26 Ultra S22 Plus A17 A56 A36 A16 A06 A15 A54 Holder Cover,UGX 35692,UGX 35692,0%,UGX,7.0,UGX 2498,7.0,UGX 2498,2109,95.2%,https://s.click.aliexpress.com/e/_c3YK6SEd,,,,,,
1005002978438281,https://ae-pic-a1.aliexpress-media.com/kf/Sd336d89dfab74d1d87534dc5e3a5ea29D.jpg,,8mm Trendy Natural Tiger Eye Lava Stone Beads Bracelet For Women Men Adjustable Bracelets Yoga Healing Counple Jewelry New Gifts,UGX 19746,UGX 19746,0%,UGX,7.0,UGX 1382,7.0,UGX 1382,75,98.2%,https://s.click.aliexpress.com/e/_c4KY08l3,,,,,,
1005010560410098,https://ae-pic-a1.aliexpress-media.com/kf/Sc702faa080ba44c18144b825d9d25da2U.jpg,,Male Supplement with Ashwagandha and Maca To support Male Libido and Promote Healthy Capsules,UGX 72600,UGX 32672,55%,UGX,8.0,UGX 2614,7.0,UGX 2287,425,93.2%,https://s.click.aliexpress.com/e/_c2QxsbQZ,,,,,,
1005008485368281,https://ae-pic-a1.aliexpress-media.com/kf/Sb8a0afbb22464847a607793e7cf3b92fw.jpg,,8 in1 USB C HUB 3.0 Type C Splitter 4K Docking Station Laptop Adapter PD SD TF For Macbook Air M1 iPad Pro RJ45 HDMI-Compatible,UGX 84491,UGX 36279,57%,UGX,3.0,UGX 1088,3.0,UGX 1088,1966,91.2%,https://s.click.aliexpress.com/e/_c32UOXcV,,,,,,
1005006953782246,https://ae-pic-a1.aliexpress-media.com/kf/S0c07cd0a13b5477a8f006babb3bdb03dE.jpg,,Black Swimming Fins Paddling Palm Children Adult Freestyle Paddling Training Fins Professional Swimming Equipment Palm,UGX 72154,UGX 31749,56%,UGX,7.0,UGX 2222,7.0,UGX 2222,137,92.3%,https://s.click.aliexpress.com/e/_c4ClthPL,,,,,,
1005007436373927,https://ae-pic-a1.aliexpress-media.com/kf/Sce38ead21d504a09b0acb87dc5251653Z.jpg,,3Meters Strong Double Sided Adhesive Tape With High Viscosity For Automotive Use High Temperature Resistant Fixed Adhesive Patch,UGX 37183,UGX 18178,51%,UGX,7.0,UGX 1272,7.0,UGX 1272,9624,94.8%,https://s.click.aliexpress.com/e/_c30eFa2z,,,,,,
1005007469872293,https://ae-pic-a1.aliexpress-media.com/kf/S19de961a2e8a4e038ae52a0d6e3279d2d.jpg,,"Men's High-Quality Belt 110cm 120cm 130cm Luxury Belt, Black Men's Automatic Buckle Jeans Men's Belt Suit Belt",UGX 82950,UGX 41103,50%,UGX,18.0,UGX 7399,18.0,UGX 7399,26972,93.2%,https://s.click.aliexpress.com/e/_c3Z0qLG5,,,,,,
1005007520581589,https://ae-pic-a1.aliexpress-media.com/kf/S148d0f03152140609c01691dc4a6feccy.jpg,,3.2M Bath Caulk Tape Self Adhesive PVC Oil-Proof Kitchen Sink Edge Corner Wall Sticker Waterproof Toilet Sealing Strip Tape,UGX 50841,UGX 25420,50%,UGX,7.0,UGX 1779,7.0,UGX 1779,43506,92.9%,https://s.click.aliexpress.com/e/_c3Y8kHI1,,,,,,
1005007301482277,https://ae-pic-a1.aliexpress-media.com/kf/S47d712fbf4a7434288ee6fd420a8f20b9.jpg,,Vintage Men Quartz Watch Luxury Brand Auto Calendar Specific Lines Stainless Steel Strap Wristwatch For Mans Analog,UGX 86007,UGX 43003,50%,UGX,7.0,UGX 3010,7.0,UGX 3010,483,87.9%,https://s.click.aliexpress.com/e/_c4BdeoCv,,,,,,
1005009466876241,https://ae-pic-a1.aliexpress-media.com/kf/Sf41a33b722c9453ebcab7a33a6f30f30M.jpg,,Electric Ultrasonic Toothbrush Six Speed Mode Home Soft Hair USB Charging Waterproof Adult Tooth Cleaner Automatic Couple Set-,UGX 63949,UGX 28813,54%,UGX,7.0,UGX 2017,7.0,UGX 2017,21598,87.7%,https://s.click.aliexpress.com/e/_c4mIyvfT,,,,,,
1005008105797936,https://ae-pic-a1.aliexpress-media.com/kf/S6d716917da5e431dac55467ab82b96b2s.png,,Dent Puller Pull Bodywork Panel Remover Sucker Tool Car Repair Sucker ToolSuction Cup Suitable For Small Dents,UGX 42050,UGX 20860,50%,UGX,7.0,UGX 1460,7.0,UGX 1460,52330,85.7%,https://s.click.aliexpress.com/e/_c4sZxwrJ,,,,,,
1005007260137775,https://ae-pic-a1.aliexpress-media.com/kf/S43688128ccb04bb29560701d6603c2b7E.jpg,,58PCS Vintage Heart Snake Butterfly Rings Set for Women Fashion Metal Gold Plated Geometric Hollow Finger Ring Jewelry Gifts New,UGX 30862,UGX 15431,50%,UGX,7.0,UGX 1080,7.0,UGX 1080,9177,86.2%,https://s.click.aliexpress.com/e/_c4ci4hBj,,,,,,
1005005767699028,https://ae-pic-a1.aliexpress-media.com/kf/S8e0831338ea7448aa9db86b12dc7b181p.jpg,,Comfort EVA Protect Wrist Mouse Pad Soft Sponge Mouse Pad Computer Game Convenient Mouse Pad Cute Desk Accessories Gaming,UGX 36706,UGX 17609,52%,UGX,7.0,UGX 1233,7.0,UGX 1233,6645,85.4%,https://s.click.aliexpress.com/e/_c3Fq4yqd,,,,,,
1005007159751888,https://ae-pic-a1.aliexpress-media.com/kf/S152b58df52bf4a829c02e2f29c6a5762q.png,,6pcs/Set Hair Brush Set Hairdressing Spray Bottle Hair Braiding Loop Rat Tail Comb Teasing Hair Brsuh Edge Control Hair Brush,UGX 75174,UGX 36059,52%,UGX,7.0,UGX 2524,7.0,UGX 2524,19218,95.8%,https://s.click.aliexpress.com/e/_c398dIxn,,,,,,
1005005820431298,https://ae-pic-a1.aliexpress-media.com/kf/S75a38a401a004bcca5b7aa9370e4cc5fA.jpg,,AOEDEJ 10Pcs/Lot Gold Color 16/18G Stainless Steel Labret Lip Stud Set 2/3/4/5/6MM CZ Crystal Helix Cartilage Tragus Piercings,UGX 32263,UGX 31850,1%,UGX,8.0,UGX 2548,7.0,UGX 2230,289,98.5%,https://s.click.aliexpress.com/e/_c3PcXdP7,,,,,,
1005007316282301,https://ae-pic-a1.aliexpress-media.com/kf/S1ef483cc4413461384e55edb00f94f931.png,,24 Pcs Vintage Silver Color Y2K Pearl Earrings for Women Geometry Round Circle Square Hoop Earring Set Fashion Female Jewelry,UGX 53715,UGX 26404,50%,UGX,7.0,UGX 1848,7.0,UGX 1848,1908,94.2%,https://s.click.aliexpress.com/e/_c38FRUMt,,,,,,
1005007560073407,https://ae-pic-a1.aliexpress-media.com/kf/S41ad255b76bd42b5bc8acf3ca185cd9ec.jpg,,2pcs/set Men Business Watches Fashion Arabic Dial Steel Band Male's Quartz Watch Set (Without Box）,UGX 102074,UGX 50016,51%,UGX,7.0,UGX 3501,7.0,UGX 3501,4149,85.7%,https://s.click.aliexpress.com/e/_c2yGdRsd,,,,,,
1005009793849981,https://ae-pic-a1.aliexpress-media.com/kf/S68e3c67c7fc546cf80cc614e29eeb8039.jpg,,Photochromic Anti Blue Light Outdoor Sports Cycling Ultra Light High-definition Color Changing Myopia Glasses 0 -0.5 -0.75 -1.25,UGX 28132,UGX 25736,8%,UGX,18.0,UGX 4632,18.0,UGX 4632,5186,88.8%,https://s.click.aliexpress.com/e/_c3kpv641,,,,,,
1005006591134817,https://ae-pic-a1.aliexpress-media.com/kf/Sde9d5f07a8294baeb434a60039f72beb1.jpg,,Lazy Hydroponic Flower Pot Automatic Water-Absorbing Flowerpot Transparent Double Layer Plastic Self Watering Planter Office,UGX 49961,UGX 22915,54%,UGX,9.0,UGX 2062,9.0,UGX 2062,3039,87.6%,https://s.click.aliexpress.com/e/_c4dJQ6id,,,,,,
1005009191717482,https://ae-pic-a1.aliexpress-media.com/kf/Sa6aa05acb3a340f2abb09aa5b75e7b00N.jpg,,"Collagen Peptides - Nourishes The Skin, Slows Down Aging, Promotes Healthy Hair, Strong Nails, and Improves Intestinal Digestion",UGX 58826,UGX 24992,57%,UGX,8.0,UGX 1999,7.0,UGX 1749,401,89.6%,https://s.click.aliexpress.com/e/_c3UPYYQ5,,,,,,
1005006562271252,https://ae-pic-a1.aliexpress-media.com/kf/S07cb69afd11d4847a543d4eb301d8f7a5.jpg,,E27 Fan Shape Foldable 28W LED Bulb AC220V/110V Deformation for Home Ceiling Lights Warehouse and Garage White Light 6500K Bulb,UGX 56429,UGX 25586,54%,UGX,7.0,UGX 1791,7.0,UGX 1791,9175,89.5%,https://s.click.aliexpress.com/e/_c4qIyZMz,,,,,,
1005005935668474,https://ae-pic-a1.aliexpress-media.com/kf/Sc92e4608cbb54eedb08d797814fc45b3b.png,https://video.aliexpress-media.com/play/u/ae_sg_item/2677155470/p/1/e/6/t/10301/1100171266258.mp4,Universal Torx Wrench Adjustable Torque 8-22mm Ratchet Spanner for Bicycle Motorcycle Car Repair Tools Mechanical Tool,UGX 55549,UGX 25709,53%,UGX,7.0,UGX 1800,7.0,UGX 1800,7302,96.4%,https://s.click.aliexpress.com/e/_c4kgyVuV,,,,,,
1005009504710603,https://ae-pic-a1.aliexpress-media.com/kf/S4a2c359ff16d4de19e9801c83ff1d575p.jpg,https://video.aliexpress-media.com/play/u/ae_sg_item/251214151/p/1/e/6/t/10301/4000293588174.mp4,New White Ghost Head Skull Mask Halloween Horror Gold and Silver Mask Horror Smiley Cold Light Sticker Line Mask,UGX 12802,UGX 10608,17%,UGX,7.0,UGX 743,7.0,UGX 743,6,90.0%,https://s.click.aliexpress.com/e/_c35fpI7P,,,,,,
1005006096635311,https://ae-pic-a1.aliexpress-media.com/kf/Sdeef406dc36740ee95925fa60d644d6aJ.jpg,https://video.aliexpress-media.com/play/u/ae_sg_item/252659722/p/1/e/6/t/10301/1100186274403.mp4,Male Pants Stretch Solid Black Smart Casual Men's Trousers Office Quick Dry Suit Pants New Spring Autumn Korean Straight Pants,UGX 156339,UGX 74539,52%,UGX,9.0,UGX 6709,9.0,UGX 6709,2843,88.0%,https://s.click.aliexpress.com/e/_c3VV4S6V,,,,,,
1005006894201255,https://ae-pic-a1.aliexpress-media.com/kf/S1381430d3858440f8bf9bc7a325dd727F.jpg,,Mini Electric Drill USB Wireless Mini Handheld Drill Rotary Tool Woodworking Engraving Pen Dremel Tools for Jewelry Metal Glass,UGX 98980,UGX 46433,53%,UGX,7.0,UGX 3250,7.0,UGX 3250,15063,93.4%,https://s.click.aliexpress.com/e/_c4sos34V,,,,,,
1005007683640638,https://ae-pic-a1.aliexpress-media.com/kf/S8466dcb262e841e09a3d79e37c26205b1.jpg,,1/4Pcs 5ml Perfume Atomizer Portable Liquid Container for Cosmetics Traveling Mini Aluminum Spray Empty Refillable Bottle,UGX 33894,UGX 14881,56%,UGX,7.0,UGX 1042,7.0,UGX 1042,64592,93.6%,https://s.click.aliexpress.com/e/_c3nW5EYv,,,,,,
1005006271646741,https://ae-pic-a1.aliexpress-media.com/kf/Sb94ac584df2b4e198fe5ccf6f82ed026O.png,,TrackerKing G109 GPS Tracker For Motorcycle 2G Anti-Lost Car Rastreador Real Time Tracking Device Locator Positioner for Bike,UGX 98088,UGX 40154,59%,UGX,7.0,UGX 2811,7.0,UGX 2811,98,98.8%,https://s.click.aliexpress.com/e/_c3pg5beh,,,,,,
1005007844051537,https://ae-pic-a1.aliexpress-media.com/kf/Sbf7d8aa91a034a419881e60e61f96319O.jpg,,"3Pairs Classic Round Zirconia Stud Earrings For Women, Stainless Steel Women's Cartilage, Tragus, Lobe, Daith Piercing Jewelry",UGX 39922,UGX 17497,56%,UGX,7.0,UGX 1225,7.0,UGX 1225,2329,94.8%,https://s.click.aliexpress.com/e/_c3xprdvn,,,,,,
1005010366639167,https://ae-pic-a1.aliexpress-media.com/kf/S1abafa75c57147b885b7bf8e49ab645b3.jpg,,High Voltage AC Power Cable 2 4 6 8 10 12 14 16 18 AWG Silicone Electrical Wire Heat-Resistant Copper Cord For Battery Inverter,UGX 19032,UGX 16868,11%,UGX,7.0,UGX 1181,7.0,UGX 1181,1022,93.1%,https://s.click.aliexpress.com/e/_c4ryYTDn,,,,,,
1005008384948883,https://ae-pic-a1.aliexpress-media.com/kf/Se682a12598df47a6aaa460a5a065bd83H.jpg,,Slide Camera Lens Protection Case For Samsung S26 S25 Ultra S24 S23 FE S22 S21 Note 20 Plus A56 A36 A16 A55 A15 Shockproof Cover,UGX 29884,UGX 27176,9%,UGX,7.0,UGX 1902,7.0,UGX 1902,668,94.4%,https://s.click.aliexpress.com/e/_c2RtI15n,,,,,,
1005008918435579,https://ae-pic-a1.aliexpress-media.com/kf/S96a3d39ab4c64e80bd7682d8b097c08aA.png,,"Clear Plastic Cable Clips - Transparent Wire Organizers for Wall & Desk Cable Management, Adhesive Cord Holders",UGX 44471,UGX 19723,55%,UGX,7.0,UGX 1381,7.0,UGX 1381,26738,94.7%,https://s.click.aliexpress.com/e/_c3xQYDrj,,,,,,
1005007987105535,https://ae-pic-a1.aliexpress-media.com/kf/S2a59f35a1f6a4fc29166ef4043b6dcc4E.jpg,,"Multiple Collagen Complex - Types I, II, III, V, and X - Hair, Skin, Nail, Bones, Joint Health Support",UGX 62665,UGX 26760,57%,UGX,8.0,UGX 2141,7.0,UGX 1873,449,91.7%,https://s.click.aliexpress.com/e/_c3UofSxn,,,,,,
1005006622023518,https://ae-pic-a1.aliexpress-media.com/kf/S6867854d79754c27bdd318c6e9028b15C.jpg,,T9 Hair Clipper Repair Beard Shaving Body Hair Trimmer Clippers Electric Machine Men Haircut Machine 0mm Barber Shaver,UGX 63399,UGX 29634,53%,UGX,7.0,UGX 2074,7.0,UGX 2074,28098,88.3%,https://s.click.aliexpress.com/e/_c4pvhOlT,,,,,,
1005006240628114,https://ae-pic-a1.aliexpress-media.com/kf/S1970a38d5f0b45ed88a654761236fa3b0.jpg,,3-17mm8-22mm Universal Torx Wrench Adjustable Multifunction Wrench Board Double-head Multipurpose Torx Spanner Repair Hand Tools,UGX 43639,UGX 19753,54%,UGX,7.0,UGX 1383,7.0,UGX 1383,4343,92.2%,https://s.click.aliexpress.com/e/_c3pfZdYN,,,,,,
1005006086452269,https://ae-pic-a1.aliexpress-media.com/kf/Sf28d9a68aedc49e7b0fc187e795215967.jpg,,Screen Protector for Apple Watch 7 6 SE 5 9 8 4 3 2 40MM 41MM 42MM 44MM 45MM 38MM Ceramic Film for IWatch Ultra 2 49MM Not Glass,UGX 31608,UGX 13738,56%,UGX,7.0,UGX 962,7.0,UGX 962,5787,87.2%,https://s.click.aliexpress.com/e/_c3e01CzF,,,,,,
1005008997812518,https://ae-pic-a1.aliexpress-media.com/kf/S60b403c9f8724f52a5f4dcc88bca797bb.jpg,,Simplicity Stretch Rubber Hair Ties for Women High elasticity Fashion Girl Head Rope Scrunchie Hair Accessories,UGX 33552,UGX 14710,56%,UGX,18.0,UGX 2648,18.0,UGX 2648,11467,96.1%,https://s.click.aliexpress.com/e/_c4B3vEaz,,,,,,
1005007103255563,https://ae-pic-a1.aliexpress-media.com/kf/S1de83ec886604e1288d5dcb5ac8e3610w.jpg,,Vintage Harajuku Button T Shirt Casual Summer Short Sleeve Cotton Linen Solid Loose Blouse Elegant Oversize Tee Shirt Streetwear,UGX 116209,UGX 56039,51%,UGX,9.0,UGX 5044,9.0,UGX 5044,302,93.1%,https://s.click.aliexpress.com/e/_c42cUxDf,,,,,,
1005006852279045,https://ae-pic-a1.aliexpress-media.com/kf/S0e5ce74dacd745e18ec68479c0a378a4b.jpg,,L-6L Women Large Bra Push Up Ice Silk Seamless upper Bralette Lace Wireless Summer Bras Plus Size Top Lingerie Underwear 15019,UGX 53128,UGX 23434,55%,UGX,7.0,UGX 1640,7.0,UGX 1640,2880,81.4%,https://s.click.aliexpress.com/e/_c4sUSo93,,,,,,
1005007769090554,https://ae-pic-a1.aliexpress-media.com/kf/S597952b7320a46959d0d595eda55be46l.jpg,,"Aluminum Car Pedal Cover Set  Automatic Transmission & Gas Foot Covers in Red Silvery, Blue - Stylish Auto Interior Accessories",UGX 81349,UGX 38609,52%,UGX,7.0,UGX 2703,7.0,UGX 2703,6930,83.1%,https://s.click.aliexpress.com/e/_c3qF6p0d,,,,,,
1005008323008233,https://ae-pic-a1.aliexpress-media.com/kf/S770c78f1a15d40f197331a86c2d07f8a7.jpg,,Unique 3D Crystal Ball Night Light Led Lamp Bedside Table Glowing Galaxy Lamp Saturn Planets Moon Children Birthday Gift Toy 5cm,UGX 105180,UGX 50524,51%,UGX,7.0,UGX 3537,7.0,UGX 3537,7032,91.7%,https://s.click.aliexpress.com/e/_c4TzdLYd,,,,,,
1005010032731265,https://ae-pic-a1.aliexpress-media.com/kf/Sd50f1e128df44b9ab9126e53ab1648a2i.jpg,,"34-Page Reusable Children's Practice Book Set with Erasable Pen - Early Learning of Writing and Drawing Skills, Educational Books for Pen Control Training, Innovative Learning - Perfect Choice for Christmas and Birthday Gifts",UGX 66223,UGX 31045,53%,UGX,7.0,UGX 2173,7.0,UGX 2173,14509,95.2%,https://s.click.aliexpress.com/e/_c3tYlp45,,,,,,
1005006760193805,https://ae-pic-a1.aliexpress-media.com/kf/Sacbb27c652034842acd3ed0303a8e576D.jpeg,,Men Summer Swimwear Swim Briefs Low Waist Bikini Beachwear Surf Board Shorts Sleepwear Undies Swimming Beach,UGX 47387,UGX 45321,4%,UGX,7.0,UGX 3172,7.0,UGX 3172,16,94.3%,https://s.click.aliexpress.com/e/_c44MBQAd,,,,,,
1005007700973951,https://ae-pic-a1.aliexpress-media.com/kf/Sb64593760b3242bdb7bf79739d88e406d.jpg,,Twisted Wide Headbands for Women Extra Large Turban Workout Headband Fashion Yoga Hair Bands Boho Twisted Thick Hair Accessories,UGX 45901,UGX 20426,55%,UGX,18.0,UGX 3677,18.0,UGX 3677,308,94.4%,https://s.click.aliexpress.com/e/_c3Y6GwxJ,,,,,,
1005007542623593,https://ae-pic-a1.aliexpress-media.com/kf/S2e1face20795415996eb6e792d7fce02o.jpg,,Essager 100W Type C to Type C Cable 5A PD Fast Charging USB C to USB C Display Cable For Macbook Laptop iPad Xiaomi 14 iPhone 15,UGX 58324,UGX 27096,53%,UGX,9.0,UGX 2439,9.0,UGX 2439,2457,97.3%,https://s.click.aliexpress.com/e/_c3Q0quVb,,,,,,
1005009900398947,https://ae-pic-a1.aliexpress-media.com/kf/Sd456549fcf0f43b58f6e0809a46097e7h.png,,Pixie Cut Wigs Human Hair Short Curly Lace Front Human Hair Wigs Brazilian 13x1 Transparent Lace Wigs  Water Wave Bob Wig,UGX 141067,UGX 64237,54%,UGX,7.0,UGX 4497,7.0,UGX 4497,2147,83.4%,https://s.click.aliexpress.com/e/_c4FLBJtX,,,,,,
1005007339865227,https://ae-pic-a1.aliexpress-media.com/kf/Sdd9e4d805c19467bb995b418410bfc32V.jpg,,New Summer Baby Girls Clothes Children Sleeveless Vest Shorts 2Pcs/Sets Toddler Clothing Infant Fashion Costume Kids Tracksuits,UGX 90568,UGX 43218,52%,UGX,9.0,UGX 3890,9.0,UGX 3890,998,93.5%,https://s.click.aliexpress.com/e/_c3UMoH89,,,,,,
1005006861580041,https://ae-pic-a1.aliexpress-media.com/kf/S1f0c933fe98247cd8473b69a041f6028i.jpg,,Men Retro Pu Leather Newsboy Caps JAMONT labeling British Painters Hats Spring Autumn Side Adjustable Flat Cap Hip Hop Berets,UGX 86276,UGX 39348,54%,UGX,7.0,UGX 2754,7.0,UGX 2754,1601,93.3%,https://s.click.aliexpress.com/e/_c3HizVPx,,,,,,
1005008796124357,https://ae-pic-a1.aliexpress-media.com/kf/Sc83c0b5fb92f49908d25184e5be6d8a9B.jpg,,8PCS Accessories Set for Stanley Cup Purple 30oz 40oz tumbler Silicone Straw Topper Cover Cap Boot Handle Charm Initials Sticker,UGX 61345,UGX 27995,54%,UGX,7.0,UGX 1960,7.0,UGX 1960,6285,82.6%,https://s.click.aliexpress.com/e/_c41OghO1,,,,,,
1005010266042731,https://ae-pic-a1.aliexpress-media.com/kf/S4f1a0c0745ba463bb89ba17c4a911373J.png,,HTC NE49 Earphones Bluetooth V6.0 Noise Reduction TWS Sports Wireless Headphones with Mic Long life,UGX 109105,UGX 50304,53%,UGX,7.0,UGX 3521,7.0,UGX 3521,1202,90.1%,https://s.click.aliexpress.com/e/_c3WfZyKd,,,,,,
1005010480196780,https://ae-pic-a1.aliexpress-media.com/kf/S7598dc0480c0407c899cf4dd5070f6868.jpg,,Love Pattern Electronic Watch And Butterfly Accessories Set Birthday Gift (No Box Included),UGX 49851,UGX 22358,55%,UGX,18.0,UGX 4024,18.0,UGX 4024,2791,83.2%,https://s.click.aliexpress.com/e/_c4mgJ2YZ,,,,,,
1005008414973716,https://ae-pic-a1.aliexpress-media.com/kf/S1a7f038aeb984cdab730f43c8272a28b3.jpg,,New Lenovo XT53 Wireless Upgrade Bluetooth 5.4 Earphones LED Digital Display Waterproof Headphones Low Latency Gaming Earbuds,UGX 118006,UGX 55757,52%,UGX,7.0,UGX 3903,7.0,UGX 3903,16993,96.2%,https://s.click.aliexpress.com/e/_c3grJjIp,,,,,,
1005009100141677,https://ae-pic-a1.aliexpress-media.com/kf/Se4950be89ac74948bfbb8cffc63e5aaaw.jpg,https://video.aliexpress-media.com/play/u/ae_sg_item/2670937051/p/1/e/6/t/10301/4000237584468.mp4,Portable Unisex Folding Reading Glasses Full Metal Frame Anti Blue Light Blocking for Men Women Presbyopia Eyeglasses with Case,UGX 27224,UGX 24951,8%,UGX,18.0,UGX 4491,18.0,UGX 4491,1481,84.0%,https://s.click.aliexpress.com/e/_c4rU2a7X,,,,,,
1005006658403547,https://ae-pic-a1.aliexpress-media.com/kf/S745e5aa37378452d96296bcdda9440d64.jpg,https://video.aliexpress-media.com/play/u/ae_sg_item/221097294/p/1/e/6/t/10301/1100094382873.mp4,eManco Heart Art Initial Alphabet  Charms Pendant DIY Name Customized Birthday Gift Stainless Steel  Women Fashion Jewelry A-Z,UGX 16359,UGX 16359,0%,UGX,7.0,UGX 1145,7.0,UGX 1145,195,94.2%,https://s.click.aliexpress.com/e/_c4kqYtnb,,,,,,
1005007595116342,https://ae-pic-a1.aliexpress-media.com/kf/S733fc469962d495a8bd92ef39b8f7b3d0.jpg,https://video.aliexpress-media.com/play/u/ae_sg_item/6000009990/p/1/e/6/t/10301/4000215784710.mp4,LED Galaxy Projector Light Multi-color Remote Control for Bedroom Decoration Christmas Star Projector Night Light New Year Gift,UGX 52443,UGX 24155,53%,UGX,7.0,UGX 1691,7.0,UGX 1691,12299,87.1%,https://s.click.aliexpress.com/e/_c3iCHmKl,,,,,,
1005005959881278,https://ae-pic-a1.aliexpress-media.com/kf/H30258efae26d489d86a54e452ebab447b.jpg,,2 Pcs/Set His Queen Her King Couple Bracelet Stainless Steel Adjustable Silicone Strap Bangle Valentine's Day Gift,UGX 49007,UGX 22437,54%,UGX,7.0,UGX 1571,7.0,UGX 1571,2248,93.7%,https://s.click.aliexpress.com/e/_c4S4xjit,,,,,,
1005008671293016,https://ae-pic-a1.aliexpress-media.com/kf/S0fe09745c83749a29ba661c8a6eafe51A.jpg,,Fashion Square Dial Men's Watches Minimalist Quartz Watch Casual Leather Strap Wristwatch Reloj Hombre（Without Box）,UGX 49435,UGX 22156,55%,UGX,18.0,UGX 3988,18.0,UGX 3988,3276,89.1%,https://s.click.aliexpress.com/e/_c322AIJn,,,,,,
1005007699612656,https://ae-pic-a1.aliexpress-media.com/kf/S6417947385d94f6c90b302177b4fc0fcj.jpg,,200-1000pcs Women Girls Colorful Nylon Elastic Hair Bands Ponytail Hold Small Hair Tie Rubber Bands Scrunchie Hair Accessories,UGX 36841,UGX 16355,55%,UGX,18.0,UGX 2944,18.0,UGX 2944,42275,94.7%,https://s.click.aliexpress.com/e/_c3jiNDMV,,,,,,
1005007392056451,https://ae-pic-a1.aliexpress-media.com/kf/Scd71a4059d8048dba1872bba40e12ebbo.jpg,,Magnetic Loop for Apple Watch Bands 44mm 40mm 49mm 45mm 41mm 38mm Silicone Bracelet iWatch Series 9 8 7 6 5 4 3 Se ultra 2 strap,UGX 49765,UGX 22321,55%,UGX,18.0,UGX 4018,18.0,UGX 4018,8083,95.0%,https://s.click.aliexpress.com/e/_c3HWi52D,,,,,,
1005005663860751,https://ae-pic-a1.aliexpress-media.com/kf/Sa78d8262d712411f8eb40596c05fc1544.png,https://video.aliexpress-media.com/play/u/ae_sg_item/252558236/p/1/e/6/t/10301/1100069042380.mp4,4in1 Rechargeable Nose Trimmer Beard Trimmer for Men Ear Eyebrow Nose Hair Trimmer for Nose and Ear Hair Removal Clean Machine,UGX 113800,UGX 54834,51%,UGX,7.0,UGX 3838,7.0,UGX 3838,9213,89.7%,https://s.click.aliexpress.com/e/_c3ys48rB,,,,,,
1005006999627814,https://ae-pic-a1.aliexpress-media.com/kf/Sb5b3c10d97ec4fa1ba8d7c9562a661bcn.png,,5D Whitening Teeth Stickers 7/14 Pairs Gel Whitening Strips Stain Removal Oral Hygiene Care Strip Dental Bleaching Tools Teeth,UGX 43823,UGX 19405,55%,UGX,7.0,UGX 1358,7.0,UGX 1358,7988,89.4%,https://s.click.aliexpress.com/e/_c4qdaPyd,,,,,,
1005007250177417,https://ae-pic-a1.aliexpress-media.com/kf/S7262ac4e7b3f42a591c64257f3176eb9O.jpg,,"1pc 4-Level Resistance Bands with Handles for Home Workouts and Strength Training - Perfect for Yoga, Pilates,and fitness equipm",UGX 52675,UGX 24271,53%,UGX,7.0,UGX 1699,7.0,UGX 1699,13832,90.5%,https://s.click.aliexpress.com/e/_c4TKX9OZ,,,,,,
1005010637387944,https://ae-pic-a1.aliexpress-media.com/kf/Sc4aa8fbc320d4dc9a6f1680f26ca0ad5h.jpg,,Multi-layer Door-mounted Shoe Hat Rack - Simple Assembly Household Integrated Multi-functional Storage Cabinet for Home Use,UGX 88318,UGX 38559,56%,UGX,7.0,UGX 2699,7.0,UGX 2699,1665,90.7%,https://s.click.aliexpress.com/e/_c30Iyp5n,,,,,,
1005005965591726,https://ae-pic-a1.aliexpress-media.com/kf/S274c7e6bf8f3459fae4ad16b747048eda.jpg,,Irig Guitar Effects Replace Guitars with New Mobile phone Guitar Interface Converters Phone Guitar Audio Interface Guitar Tuner,UGX 31644,UGX 29578,6%,UGX,8.0,UGX 2366,7.0,UGX 2070,136,92.0%,https://s.click.aliexpress.com/e/_c3qpdxEZ,,,,,,
1005005801517041,https://ae-pic-a1.aliexpress-media.com/kf/S433173c93a3f418584a0ad190601e7d5F.jpg,https://video.aliexpress-media.com/play/u/ae_sg_item/237346190/p/1/e/6/t/10301/1100152292098.mp4,Polarized  Swimming Goggles for Adult Anti-Fog UV Protection Lens Men Women Waterproof Adjustable Silicone Swim Glasses Adults,UGX 109716,UGX 51698,52%,UGX,7.0,UGX 3619,7.0,UGX 3619,554,93.3%,https://s.click.aliexpress.com/e/_c3aSwm3B,,,,,,
1005007487652340,https://ae-pic-a1.aliexpress-media.com/kf/S3c28969ae636449b8789f57ac4511287U.jpg,,New 3 In 1 Fan AIr Conditioner Household Mini Air Cooler LED Night Light Portable Humidifier Air Adjustment Fan Office Home Fan,UGX 164702,UGX 41041,75%,UGX,7.0,UGX 2873,7.0,UGX 2873,12457,83.6%,https://s.click.aliexpress.com/e/_c37w09dR,,,,,,
1005007005480251,https://ae-pic-a1.aliexpress-media.com/kf/S965b395e2879442bb3170a6adcca825eB.jpg,https://video.aliexpress-media.com/play/u/ae_sg_item/2676290184/p/1/e/6/t/10301/1100217521029.mp4,Medical Digital Infrared Thermometer Quick Temperature Measurement Medical Handheld Body Forehead Non-contact Thermometer,UGX 54192,UGX 25030,53%,UGX,7.0,UGX 1752,7.0,UGX 1752,27432,90.6%,https://s.click.aliexpress.com/e/_c2JAh4Yh,,,,,,
1005005572668179,https://ae-pic-a1.aliexpress-media.com/kf/Sb6e183083b344171a679db0d6e94d0202.jpg,https://video.aliexpress-media.com/play/u/ae_sg_item/2673697036/p/1/e/6/t/10301/1100150319562.mp4,New In Men Bohemia Rope Bracelet Attract Magentic Braclet Adventure Survival Braslet Pulseras Hilo Hombre Beach Surf Brazalete,UGX 35655,UGX 13622,61%,UGX,7.0,UGX 954,7.0,UGX 954,4181,92.1%,https://s.click.aliexpress.com/e/_c3kLQIa5,,,,,,
4001316263146,https://ae-pic-a1.aliexpress-media.com/kf/H8e1e5e07191c4748911d2ededa0aa7135.jpg,https://video.aliexpress-media.com/play/u/ae_sg_item/2070381499/p/1/e/6/t/10301/275960511084.mp4,Trigger Free Fire PUBG Controller for Cell Phone Gamepad Joystick Android iPhone Control Mobile Game Pad Pugb Smartphone Command,UGX 34536,UGX 32470,5%,UGX,17.5,UGX 5682,7.0,UGX 2273,1573,84.9%,https://s.click.aliexpress.com/e/_c3nWRCBn,,,,,,
1005009498401641,https://ae-pic-a1.aliexpress-media.com/kf/Sf6e15e0b2740401d9ca6e79fdf6556e7n.jpg,,Funny Bathroom Signs for Men Women Creative 2D Flat Restroom Door Decor Restaurant Hotel Cafe Toilet Signage Wall Sticker,UGX 39519,UGX 17694,55%,UGX,7.0,UGX 1239,7.0,UGX 1239,13149,94.8%,https://s.click.aliexpress.com/e/_c3jYv0vb,,,,,,
1005008330524357,https://ae-pic-a1.aliexpress-media.com/kf/S03c92a8031ee49f7a8a23bd1f2d20df8S.jpg,,PuRui 2Pcs/Set Exaggerated Circle Chunky Adjustable Open Cuff Bangles Imitation Pearl Rings for Women Grunge Jewelry Set Gift,UGX 46794,UGX 14312,69%,UGX,7.0,UGX 1002,7.0,UGX 1002,211,90.9%,https://s.click.aliexpress.com/e/_c39akWgp,,,,,,
1005009535017886,https://ae-pic-a1.aliexpress-media.com/kf/Sdf8359fa002a4a0db1ea5c5fafed8136k.jpg,,White Waterproof Cars Wheel Tire Oily Mark Pen Auto Rubber Tyre Paint Pen Cd Metal Permanent Paint Marker Graffiti Touch Up,UGX 11249,UGX 4683,58%,UGX,7.0,UGX 328,7.0,UGX 328,1653,89.8%,https://s.click.aliexpress.com/e/_c4WJG6fn,,,,,,
1005009920724634,https://ae-pic-a1.aliexpress-media.com/kf/S4dc107eca96d4c26a3ac6dae8d5c5242A.png,,1-10PCS Quick-Swap Nozzle For Creality K1C K1max Hardened Steel 0.2/0.4/0.6/0.8/1.0mm For Ender 3 V3/Ender 3 V3 Plus 3D Printer,UGX 24656,UGX 22590,8%,UGX,7.0,UGX 1581,7.0,UGX 1581,136,95.0%,https://s.click.aliexpress.com/e/_c4a9cWIl,,,,,,
1005005604454734,https://ae-pic-a1.aliexpress-media.com/kf/Heed91bc338904e98b35d3ba071259e03u.jpg,,Designer Belts For Women High Quality Knot Soft Pu Leather Long Waistband Female Waist Wide Coat Corset Belt Cummerbunds,UGX 49753,UGX 22315,55%,UGX,18.0,UGX 4017,18.0,UGX 4017,2589,93.0%,https://s.click.aliexpress.com/e/_c363WXIv,,,,,,
1005006603446233,https://ae-pic-a1.aliexpress-media.com/kf/Sb9558f4b8de24ea3a89a5586d39a0cdef.jpg,https://video.aliexpress-media.com/play/u/ae_sg_item/2670985096/p/1/e/6/t/10301/1100150784169.mp4,Children Electric Toothbrush Cartoon Kids With Replacement Head Ultrasonic  IPX7 Waterproof Rechargeable Sonic Toothbrush,UGX 33998,UGX 31932,6%,UGX,7.0,UGX 2235,7.0,UGX 2235,2264,93.8%,https://s.click.aliexpress.com/e/_c4mLzFYV,,,,,,
1005011754141767,https://ae-pic-a1.aliexpress-media.com/kf/Sdaa6d71a086f424287e378a542e8f454R.jpg,,Portable Folding Color Changing Reading Glasses with Cases for Women Men Ultra Light Fashionable Photochromic Presbyopic Glasses,UGX 21481,UGX 12971,39%,UGX,8.0,UGX 1038,7.0,UGX 908,8,100.0%,https://s.click.aliexpress.com/e/_c3qD8V2D,,,,,,
1005008397715408,https://ae-pic-a1.aliexpress-media.com/kf/Sa60330a16082487480566048a427b531Q.jpg,,Summer Sun Hats UV Protection Outdoor Hunting Fishing Cap For Men Women Hiking Camping Visor Bucket Hat Neck Flap Fisherman Hat,UGX 58850,UGX 27359,53%,UGX,18.0,UGX 4925,18.0,UGX 4925,7096,87.4%,https://s.click.aliexpress.com/e/_c4Vgc8Sz,,,,,,
1005007538997890,https://ae-pic-a1.aliexpress-media.com/kf/Se76ff20224df4f0fbe03bbdbe81c7370X.jpg,,Rechargeable 4 Lamp Helmet Taillight Motorcycle Bicycle Helmet Taillamp Safety Signal Warning Lamp Waterproof Rear LED Light,UGX 61247,UGX 27864,54%,UGX,7.0,UGX 1950,7.0,UGX 1950,1906,96.5%,https://s.click.aliexpress.com/e/_c3ABI0M1,,,,,,
1005005450785085,https://ae-pic-a1.aliexpress-media.com/kf/S0af78966b3614be2b75b067b0c7c51e1z.jpg,,Night Vision Glasses PC Frame Polarized Sunglasses Men Outdoor Sport Sun Glasses Day Night Vision Driver Night Glasses Goggles,UGX 23782,UGX 4090,82%,UGX,18.0,UGX 736,18.0,UGX 736,19266,83.7%,https://s.click.aliexpress.com/e/_c3dKHn2v,,,,,,
1005006330246167,https://ae-pic-a1.aliexpress-media.com/kf/Scc476ab0b04a43428415d389eaf6743eA.jpg,,2PCS PD 45W USB C Cable For Samsung Galaxy S20 S21 S22 S23 Ultra Note 10 5G 20 A53 A54 Super Fast Charging USB Type C Data Cable,UGX 49056,UGX 22462,54%,UGX,9.0,UGX 2022,9.0,UGX 2022,6315,92.3%,https://s.click.aliexpress.com/e/_c4EqBxF7,,,,,,
1005007938417405,https://ae-pic-a1.aliexpress-media.com/kf/S137e1855a5734ba88a33b1267a932f6c3.jpg,,2/4pcs sets Winter Warm Velvet men Hat Scarf Gloves Set For men and women Girls Outdoor Riding Hat Beanies Neck Protection Scarf,UGX 73535,UGX 34701,52%,UGX,18.0,UGX 6246,18.0,UGX 6246,2061,92.9%,https://s.click.aliexpress.com/e/_c3KgZkyv,,,,,,
1005007298708063,https://ae-pic-a1.aliexpress-media.com/kf/S2bb6a0d957634a4e8bf73d2f57f75151V.png,,Car Windshield Cracked Repair Fluid DIY Glass Nano Repair Tool Auto Window Windscreen Glasses Scratch Crack Restore Agent,UGX 7801,UGX 3900,50%,UGX,7.0,UGX 273,7.0,UGX 273,631,82.6%,https://s.click.aliexpress.com/e/_c386N9Qv,,,,,,
1005008208697619,https://ae-pic-a1.aliexpress-media.com/kf/S4179a4cf902243c1871c58579717cdfcH.jpg,,New Cartoon Pattern Kids Tablet 7 Inch Quad Core 4GB RAM 64GB ROM Android Learning Education Games Tablets Children's Gifts,UGX 419447,UGX 207658,50%,UGX,3.0,UGX 6230,3.0,UGX 6230,2585,86.1%,https://s.click.aliexpress.com/e/_c3tOibcH,,,,,,
1005008142455942,https://ae-pic-a1.aliexpress-media.com/kf/Sd03b824f81c6490f85198a0769975f77T.jpg,,KZ Castor PRO 2DD Dynamic in Ear Earphones High-end Tunable Earphones Stets A New Benchmark for Hfi Sound Quality Bass Headsets,UGX 133706,UGX 62115,53%,UGX,7.0,UGX 4348,7.0,UGX 4348,7726,96.5%,https://s.click.aliexpress.com/e/_c3XXkvYV,,,,,,
1005005241808257,https://ae-pic-a1.aliexpress-media.com/kf/S8b7fb95f94664d76ae9237560df70680X.jpg,https://video.aliexpress-media.com/play/u/ae_sg_item/254959851/p/1/e/6/t/10301/1100091874127.mp4,Soldering Station Mat Silicone Work Mat Heat Resistant 932°F Anti-Static Magnetic Mat for Electronic Phone Laptop Watch Repair,UGX 59388,UGX 27628,53%,UGX,7.0,UGX 1934,7.0,UGX 1934,36036,94.6%,https://s.click.aliexpress.com/e/_c4UA0ff7,,,,,,
1005006356915978,https://ae-pic-a1.aliexpress-media.com/kf/Se74810034b96474985466fb34ac546cav.jpg,,TrowBridge 3PCS/Set Women's Panties Exquisite Lace Underwear Sexy Lingerie Big Size Sweet Silk Satin Briefs Soft Cozy Underpants,UGX 71004,UGX 33436,52%,UGX,7.0,UGX 2341,7.0,UGX 2341,5028,92.0%,https://s.click.aliexpress.com/e/_c3k0Civ3,,,,,,
1005009903345440,https://ae-pic-a1.aliexpress-media.com/kf/Sfb1c98ecc38c4c5f8349e6bcae3880a7P.jpg,,Micro Needling 540 Roller Derma Roller Professional Titanium Dermaroller 0.2/0.25/0.3mm Hair Regrowth Beard Growth Treatment,UGX 25543,UGX 23477,8%,UGX,7.0,UGX 1643,7.0,UGX 1643,3154,93.1%,https://s.click.aliexpress.com/e/_c320xRNR,,,,,,
1005009854943493,https://ae-pic-a1.aliexpress-media.com/kf/S0a9260813aeb4440b6939fff6bc82684O.png,,Men's Tactical Pants Military Combat Spring Autumn Softshell Sports Waterproof Elastic Hiking Camping Climbing Hunting Trousers,UGX 197741,UGX 96805,51%,UGX,7.0,UGX 6776,7.0,UGX 6776,23,95.9%,https://s.click.aliexpress.com/e/_c39otfrb,,,,,,
1005006862248805,https://ae-pic-a1.aliexpress-media.com/kf/S1027660567ca4336a6f375ee898cdc92I.jpg,,3D Non Slip Bathroom Mat Cobblestone Embossed Bath Mats Absorbent Doormat Carpet Door Floor Mats Machine Washable Quick Drying,UGX 73315,UGX 34591,52%,UGX,7.0,UGX 2421,7.0,UGX 2421,9673,89.8%,https://s.click.aliexpress.com/e/_c3cvbEjf,,,,,,
1005007123957600,https://ae-pic-a1.aliexpress-media.com/kf/Sc7bb1998a5784153bedb104aaaa6e482U.jpg,,1L Thermal Water Bottle Keep Cold and Hot Water Bottle Thermos for Water Tea Coffee Vacuum Flasks Stainless Steel Thermos Bottle,UGX 164641,UGX 80254,51%,UGX,7.0,UGX 5618,7.0,UGX 5618,1703,90.0%,https://s.click.aliexpress.com/e/_c3vd55et,,,,,,
1005006116385002,https://ae-pic-a1.aliexpress-media.com/kf/S7faf762886b24cd3bc0ab0b079c2ebb0w.jpg,,Elegant Double Pearls Buckle Elastic Women Belts Thin Straps Lady Girl Dress Skirt Decor Waistbands Trouser Decoration GM113,UGX 41830,UGX 18849,54%,UGX,18.0,UGX 3393,18.0,UGX 3393,4712,94.8%,https://s.click.aliexpress.com/e/_c3c0DPmh,,,,,,
1005006375395834,https://ae-pic-a1.aliexpress-media.com/kf/S2739696a2d23452e853926cea8076f1bx.jpg,,Earphone Storage Bag Square Headset Box Indoor Outdoor Travelling Earphones Storaging Case Accessories with Zipper,UGX 39262,UGX 17565,55%,UGX,7.0,UGX 1230,7.0,UGX 1230,14512,94.4%,https://s.click.aliexpress.com/e/_c43tf8kt,,,,,,
1005007468682320,https://ae-pic-a1.aliexpress-media.com/kf/S7d9f1ad72741426b92d6db7959c35676v.jpg,,4/10M Artificial Plant Green Ivy Leaf Garland Fake Plant Creeper Hanging Vine Outdoor DIY Garden Wall Wedding Party Home Decor,UGX 40118,UGX 17590,56%,UGX,7.0,UGX 1231,7.0,UGX 1231,11514,87.1%,https://s.click.aliexpress.com/e/_c3iMSmiV,,,,,,
1005007208331743,https://ae-pic-a1.aliexpress-media.com/kf/S0451fc7ccd4545db950432e61d57a3787.jpg,https://video.aliexpress-media.com/play/u/ae_sg_item/2670937449/p/1/e/6/t/10301/4000191332699.mp4,Women Invisible Bra Deep U Plunge Bras Backless Top for Dresses Sexy Lingerie with Transparent Strap Push Up Strapless Underwea,UGX 61063,UGX 28465,53%,UGX,7.0,UGX 1993,7.0,UGX 1993,6459,84.6%,https://s.click.aliexpress.com/e/_c3BzpG5L,,,,,,
1005005359513222,https://ae-pic-a1.aliexpress-media.com/kf/Sce6fce32388b4d89923e4706029a8fb3Z.jpg,https://video.aliexpress-media.com/play/u/ae_sg_item/251364861/p/1/e/6/t/10301/1100090566967.mp4,Electric Baby Nail Trimmer Kid Nail Polisher Tool Infant Manicure Scissors Baby Hygiene Kit Baby Nail Clipper Cutter For Newborn,UGX 56258,UGX 26063,53%,UGX,7.0,UGX 1824,7.0,UGX 1824,5250,92.9%,https://s.click.aliexpress.com/e/_c33WXvEp,,,,,,
1005008362787585,https://ae-pic-a1.aliexpress-media.com/kf/Sb1be5e55c99d4039a7e4cc59c5f2cacdm.jpg,,Anti Thief Rfid Credit Card Holder Smart Minimalist Wallet Men Women Slim Bank Cardholder Case Money Bag Cash Creditcard Purse,UGX 54216,UGX 4090,92%,UGX,7.0,UGX 286,7.0,UGX 286,1151,91.7%,https://s.click.aliexpress.com/e/_c44tRwmd,,,,,,
1005005908857795,https://ae-pic-a1.aliexpress-media.com/kf/S6e806c3264bb40e1b08a8cda4f7eed25N.jpg,https://video.aliexpress-media.com/play/u/ae_sg_item/2984593799/p/1/e/6/t/10301/347804245447.mp4,Dustproof Motocross Glasses Adjustable Motorcycle Goggles Breathable Full Face Protective Motorbike Dirt Bike Off-road Mask,UGX 50254,UGX 23061,54%,UGX,7.0,UGX 1614,7.0,UGX 1614,8952,93.4%,https://s.click.aliexpress.com/e/_c2yBOvrj,,,,,,
1005007486534603,https://ae-pic-a1.aliexpress-media.com/kf/S99fc102ae5e24ffab43ed974815ccb99G.jpg,https://video.aliexpress-media.com/play/u/ae_sg_item/2673937096/p/1/e/6/t/10301/1100204975369.mp4,High Strong Power Led Flashlights 2000LM Tactical Torch with Display Light USB Charging Camping Fishing Emergency Zoom Lantern,UGX 66236,UGX 30392,54%,UGX,7.0,UGX 2127,7.0,UGX 2127,13490,86.0%,https://s.click.aliexpress.com/e/_c3rfCr21,,,,,,
1005006422500160,https://ae-pic-a1.aliexpress-media.com/kf/S324d7592ca41424f8219350bdcfdca6dk.jpg,,7.0MM TYPE-C Endoscope Camera IP67 Waterproof 6 LEDs Adjustable USB Android Flexible Inspection Borescope Cameras for Phone PC,UGX 56576,UGX 4090,92%,UGX,7.0,UGX 286,7.0,UGX 286,74772,88.9%,https://s.click.aliexpress.com/e/_c3c8HuVx,,,,,,
1005005412563475,https://ae-pic-a1.aliexpress-media.com/kf/S546915f974f140a2ad6143dbfbb504876.png,,HD Digital TV Antenna Indoor Amplified dab antenna 200 Miles Ultra HDTV With Amplifier VHF/UHF Quick Response Outdoor Aerial Set,UGX 37538,UGX 16703,55%,UGX,3.0,UGX 501,3.0,UGX 501,13463,83.0%,https://s.click.aliexpress.com/e/_c43hMpF7,,,,,,
1005007168006576,https://ae-pic-a1.aliexpress-media.com/kf/S5df9f815be664d7ea65bea210c5de0017.jpg,,LEMFO LT10 Smart Watch 2024 Android Gift Bluetooth Call Smartwatch 2024 Touch Dial Music Fitness Tracker Sports Watches,UGX 97696,UGX 46782,52%,UGX,7.0,UGX 3275,7.0,UGX 3275,748,88.1%,https://s.click.aliexpress.com/e/_c34dADiD,,,,,,
1005007321317353,https://ae-pic-a1.aliexpress-media.com/kf/S69a9278bbcb646b195ff9f23fc530fb9x.jpg,https://video.aliexpress-media.com/play/u/ae_sg_item/233091362/p/1/e/6/t/10301/1100194906648.mp4,2Pcs LED H4 H7 Car Headlight H1 LED Bulb H8 H11 9005 HB3 9006 HB4 9004 HB1 H3 HB5 H13 Led Lights 20000LM Turbo lampada 12V,UGX 72080,UGX 33974,52%,UGX,7.0,UGX 2378,7.0,UGX 2378,11123,82.9%,https://s.click.aliexpress.com/e/_c3Sc9iCt,,,,,,
1005008278616952,https://ae-pic-a1.aliexpress-media.com/kf/S21397f3e62cb4e50b98dc710376ffc57L.png,,Fashion Geometric Hoop Earrings Set for Women Vintage Bohemian Pearl Gold Color Round Earring Punk Daily Wear Jewelry Gifts 2025,UGX 31388,UGX 4090,86%,UGX,7.0,UGX 286,7.0,UGX 286,9913,92.7%,https://s.click.aliexpress.com/e/_c4SUM7Eh,,,,,,
1005007545970241,https://ae-pic-a1.aliexpress-media.com/kf/S9b4597b18503460c90e9550770e43543E.jpg,,1/2PCS Set Couple Fashion Casual Leather Watches Ladies Simple Dial Quartz Wristwatches Dress Clock Montre Femme,UGX 47246,UGX 21557,54%,UGX,7.0,UGX 1509,7.0,UGX 1509,1698,86.8%,https://s.click.aliexpress.com/e/_c3FsLaId,,,,,,
1005007800059887,https://ae-pic-a1.aliexpress-media.com/kf/S0fc86f15915e4e74b0dad5888f90ca79V.jpg,,Sleepwear Women Pajamas Set Heart Print Soft Ribbed Fabric with Flirty Frill Trim Casual Cami Top and Shorts Sets Loungewear,UGX 72606,UGX 34237,52%,UGX,7.0,UGX 2397,7.0,UGX 2397,8640,94.0%,https://s.click.aliexpress.com/e/_c3q3FR6Z,,,,,,
1005005915483796,https://ae-pic-a1.aliexpress-media.com/kf/Sb0ec8f3e51734638a412e5a1132b9457O.jpg,,eManco Personalized Stainless Steel Heart Alphabet Pendant DIY Accessories Initials Birthday Gift A-Z,UGX 16359,UGX 14293,12%,UGX,7.0,UGX 1001,7.0,UGX 1001,406,96.6%,https://s.click.aliexpress.com/e/_c4OavfCV,,,,,,
1005007496358351,https://ae-pic-a1.aliexpress-media.com/kf/S6061e1f169bd4604b61f74be5a797cedw.jpg,,Quality 100% Cotton Oxford Shirt For Mens Long Sleeve Casual Business Regular-Fit Formal Dress Shirts Social Blouse Male Clothes,UGX 165668,UGX 77454,53%,UGX,9.0,UGX 6971,9.0,UGX 6971,92,91.2%,https://s.click.aliexpress.com/e/_c3arKv1X,,,,,,
1005008464589215,https://ae-pic-a1.aliexpress-media.com/kf/Sa82a2c18c6d04220b9455c443e3436e47.png,,LAXASFIT Smartwatch Bluetooth Talk Smartwatch Message Alert Heart Rate Monitor Sports Watch for Android IOS Men Women,UGX 102795,UGX 47277,54%,UGX,7.0,UGX 3309,7.0,UGX 3309,5850,87.8%,https://s.click.aliexpress.com/e/_c3Ph2rYz,,,,,,
1005005747379077,https://ae-pic-a1.aliexpress-media.com/kf/Sbe7fa73ddd6540c5b546b460ab282185I.jpg,,Gym Gloves Fitness Training Fingerless Men Women Bodybuilding Exercise Sports Gloves for Cycling Bicycle Anti Slip Breathable,UGX 46684,UGX 21276,54%,UGX,18.0,UGX 3830,18.0,UGX 3830,9830,89.2%,https://s.click.aliexpress.com/e/_c3jaRj4z,,,,,,
1005006325136528,https://ae-pic-a1.aliexpress-media.com/kf/S1a0e12263ce3452288700f354c85b098l.jpg,,Car Wheel Cleaning Brush Profession Tire Auto Cleaning Detailing Care Wet  Dry Wheel Tire Rim Clean Brush Goods Accessory,UGX 48714,UGX 22291,54%,UGX,7.0,UGX 1560,7.0,UGX 1560,20710,90.4%,https://s.click.aliexpress.com/e/_c44lGZQp,,,,,,
1005007244376156,https://ae-pic-a1.aliexpress-media.com/kf/Sf2700e58134c41d39d12fe3b589adda9l.jpg,,Upper Arm Automatic Blood Pressure Monitor BP Sphygmomanometer Pressure Meter Tonometer for Measuring Arterial Pressure,UGX 124438,UGX 19662,84%,UGX,7.0,UGX 1376,7.0,UGX 1376,16360,88.8%,https://s.click.aliexpress.com/e/_c4KpLu13,,,,,,
1005009037383557,https://ae-pic-a1.aliexpress-media.com/kf/Sb1e879c8139b45dfaccd4417d3d6cf32T.jpg,,Versatile Square Full Frame Photochromic Myopia Glasses Unisex Business Casual Blue Light Blocking Near Sight Eyeglasses To -4.0,UGX 33008,UGX 30942,6%,UGX,18.0,UGX 5570,18.0,UGX 5570,25,100.0%,https://s.click.aliexpress.com/e/_c2QKuadF,,,,,,
1005008624727871,https://ae-pic-a1.aliexpress-media.com/kf/S94a40797c36d4b6cbc12727646ef88e15.jpg,,Car Obd2 Scanner Diagnostic Tool Code Reader Engine Fault Code Reader Scanner Can Diagnose All Obd Ii Protocol Cars since 1996,UGX 113849,UGX 52584,53%,UGX,7.0,UGX 3681,7.0,UGX 3681,34417,89.0%,https://s.click.aliexpress.com/e/_c3XYOYKl,,,,,,
1005007341990710,https://ae-pic-a1.aliexpress-media.com/kf/S7b3301f42369441aa90ac715691c0b6aK.png,,"Men's Waterproof Large Capacity Fanny Pack, Adjustable Strap For Outdoor Activities, Travel Running, Hiking, And Cycling",UGX 61907,UGX 4090,93%,UGX,7.0,UGX 286,7.0,UGX 286,60677,86.6%,https://s.click.aliexpress.com/e/_c2Q0zZkd,,,,,,
1005008643131406,https://ae-pic-a1.aliexpress-media.com/kf/S7f63dbbed2084499b6e81301a9ab32efe.jpg,,20Pcs Colorful Balls Cake Topper Mini Balloons Cupcake Insert Sticks for Wedding Birthday Party Cake DIY Decoration Baby Shower,UGX 55084,UGX 25476,53%,UGX,7.0,UGX 1783,7.0,UGX 1783,2300,95.7%,https://s.click.aliexpress.com/e/_c336E0AH,,,,,,
1005007551320745,https://ae-pic-a1.aliexpress-media.com/kf/S252a0715cded42aa92dbe11e2bc6b317x.jpg,,Multifunctional Solar Lamp Outdoor Garden Decoration Solar LED Light Waterproof Sunlight Powered Spotlight with Motion Sensor,UGX 83782,UGX 4090,95%,UGX,7.0,UGX 286,7.0,UGX 286,56019,91.4%,https://s.click.aliexpress.com/e/_c4LrBilT,,,,,,
1005006879485367,https://ae-pic-a1.aliexpress-media.com/kf/S27ef483def6643e283216907f112fdb8U.jpg,https://video.aliexpress-media.com/play/u/ae_sg_item/2657928121/p/1/e/6/t/10301/4000073030798.mp4,5m Double Contact Nano Tape Powerful Extra Strong Sided Adhesive for Kitchen and Bathroom Waterproof and Cleanable Tool,UGX 34885,UGX 15377,55%,UGX,7.0,UGX 1076,7.0,UGX 1076,20426,91.2%,https://s.click.aliexpress.com/e/_c32uYUN3,,,,,,
1005008100843491,https://ae-pic-a1.aliexpress-media.com/kf/S36d77bef8e8a47f38a3d4ccaf04b470e6.jpg,,"2PC Tactical Waist Belt - Durable Automatic Buckle, Perfect for Outdoor Adventures, Unisex Accessories for Men and Women",UGX 83696,UGX 39782,52%,UGX,18.0,UGX 7161,18.0,UGX 7161,13103,90.0%,https://s.click.aliexpress.com/e/_c3VKPlrL,,,,,,
1005006733910508,https://ae-pic-a1.aliexpress-media.com/kf/Sc310aa91d838465eb91cd52fe947d118s.jpg,,Travel Makeup Bag Waterproof Toiletries Organizer High Quality Women Neceser Bathroom Hook Wash Pouch Hook Makeup Storage Bag,UGX 72997,UGX 33705,53%,UGX,7.0,UGX 2359,7.0,UGX 2359,823,93.6%,https://s.click.aliexpress.com/e/_c3HtIvMz,,,,,,
1005006352637590,https://ae-pic-a1.aliexpress-media.com/kf/S73b43a37fbf54fd2bcb626ca59ac48261.jpg,,Thickened Speaker Handle Strap Accessories Universal Wireless Speaker Wristband Pad Lightweight Sticker for JBL Bombox 3/2/1,UGX 59523,UGX 4090,93%,UGX,7.0,UGX 286,7.0,UGX 286,14853,79.2%,https://s.click.aliexpress.com/e/_c3v80fMd,,,,,,
1005008788648164,https://ae-pic-a1.aliexpress-media.com/kf/S730ee5b2d5844b5db1bd53866f5107adb.jpeg,,Flashlight Green Blue Red Laser Pointer Indication Light for Meeting Classroom Torch Light RGB,UGX 38785,UGX 17326,55%,UGX,7.0,UGX 1213,7.0,UGX 1213,35080,87.0%,https://s.click.aliexpress.com/e/_c4sEDHu9,,,,,,
1005007006134184,https://ae-pic-a1.aliexpress-media.com/kf/S111ce20079c549d084a2e335f23827829.jpg,,Type C Wired Earphone For Samsung Galaxy S23 S21 S22 Ultra Plus 3.5 mm Earbuds Headphones A54 A34 A53 A53 Accessories,UGX 36755,UGX 16311,55%,UGX,7.0,UGX 1142,7.0,UGX 1142,26396,88.5%,https://s.click.aliexpress.com/e/_c30E2zFx,,,,,,
1005005915290588,https://ae-pic-a1.aliexpress-media.com/kf/Sad4fc8522370415e8f408374666cd8c4i.jpg,,Skull Rhinestone Belts For Women Men Y2K Leather Strap Crystal Studded Western Cowgirl Cowboy Diamond Bling Bling Belt,UGX 158283,UGX 77076,51%,UGX,18.0,UGX 13874,18.0,UGX 13874,92,90.7%,https://s.click.aliexpress.com/e/_c4cH8UtL,,,,,,
1005010124613431,https://ae-pic-a1.aliexpress-media.com/kf/S5814bf47628f403ba4bc9fec9009426ar.png,,USB C Hub 8In1 7in2 7in1 Type C 3.1 To 4K HDMI Adapter with RJ45 SD/TF Card Reader PD Fast Charge for MacBook Notebook Laptop,UGX 75822,UGX 4090,94%,UGX,3.0,UGX 123,3.0,UGX 123,17258,91.3%,https://s.click.aliexpress.com/e/_c4DoMbPL,,,,,,
1005005936387099,https://ae-pic-a1.aliexpress-media.com/kf/S7d73b0d474074b2a9f077df5647f268d5.jpg,,1 Pcs Compression Knee Support Sleeve Elastic Breathable Knee Pads Brace Springs Gym Sports Protector Basketball Volleyball Run,UGX 54326,UGX 25097,53%,UGX,7.0,UGX 1757,7.0,UGX 1757,15811,94.2%,https://s.click.aliexpress.com/e/_c2JgjkRf,,,,,,
1005006368729169,https://ae-pic-a1.aliexpress-media.com/kf/Sc6d739c52e404168abbaaacda8417373R.jpg,,Kitchen Rotating ShredderSpiral Peeler Manual Vegetable Slicer Fruit Potato Radish Grater Kitchen Gadgets Kitchen Accessories,UGX 43725,UGX 19797,54%,UGX,7.0,UGX 1386,7.0,UGX 1386,15481,90.9%,https://s.click.aliexpress.com/e/_c4tqAENF,,,,,,
1005011957806582,https://ae-pic-a1.aliexpress-media.com/kf/S29e4f66a368c4ef6b5f8f4ef89cc4370q.jpg,,Ultra-light Anti-blue Light Reading Glasses for Women Men Retro Round High-definition Luxury Designer Eyeglasses 0 To +4.0,UGX 20768,UGX 14538,30%,UGX,15.0,UGX 2181,7.0,UGX 1018,13,80.0%,https://s.click.aliexpress.com/e/_c3eHUc2l,,,,,,
1005008294780961,https://ae-pic-a1.aliexpress-media.com/kf/S8218998bf90b41aab27ef8022d5625d42.jpg,,New Men's Business Casual Short Sleeved Bone Flower Solid Color POLO Shirt Fashion Breathable Comfortable Summer Versatile Top,UGX 106537,UGX 51203,51%,UGX,9.0,UGX 4608,9.0,UGX 4608,9040,89.7%,https://s.click.aliexpress.com/e/_c3RZqttJ,,,,,,
1005008318690844,https://ae-pic-a1.aliexpress-media.com/kf/S56851847f8a54d4b9bbd6bfce2c3997ay.jpg,,Reinforced Belt Lumbar Column Posture Corrector Vest  Adjustable Back Support Strap Shoulder Spine Brace Neck Stretcher Trainer,UGX 79209,UGX 36744,53%,UGX,7.0,UGX 2572,7.0,UGX 2572,26267,80.7%,https://s.click.aliexpress.com/e/_c3Trk95f,,,,,,
1005007715983136,https://ae-pic-a1.aliexpress-media.com/kf/Sff9a5fff44844ecfa595b2351b5e2320j.jpg,,LED Teeth Whitening Light Whitening Blue Light UV Light Bleaching Laser Teeth Bleaching Whiten Lamp Personal Dentals Treatments,UGX 40057,UGX 17963,55%,UGX,7.0,UGX 1257,7.0,UGX 1257,18302,82.5%,https://s.click.aliexpress.com/e/_c3hMxynn,,,,,,
1005009682305887,https://ae-pic-a1.aliexpress-media.com/kf/S6a300e0c340e4df59153d7a254bb410fh.jpg,,Photochromic Myopia Glasses for Women Oversized Sparkling Frame Eyewear Outdoor UV Protection Sunglasses Near Sight GLasses,UGX 34652,UGX 32586,5%,UGX,18.0,UGX 5865,18.0,UGX 5865,93,95.0%,https://s.click.aliexpress.com/e/_c3rnsOyt,,,,,,
1005007570765056,https://ae-pic-a1.aliexpress-media.com/kf/S0b069298d580478e84c4c17f439a1cb3h.jpg,,"Precision Screwdriver Set, Laptop Tool Kit, 152/25 in 1 Professional Computer Screwdriver Repair Kit T5 T6 Torx Screwdriver",UGX 66321,UGX 30434,54%,UGX,7.0,UGX 2130,7.0,UGX 2130,14590,85.6%,https://s.click.aliexpress.com/e/_c2IA1eXB,,,,,,
1005006593951067,https://ae-pic-a1.aliexpress-media.com/kf/S193225ef6a144748b4b80b13427008aaT.png,,"COLMI P81 Voice Calling Smart Watch Ultra 1.9 inch Screen 24H Health Monitor 100+ Sports Modes, Bluetooth Smartwatch Men Women",UGX 125685,UGX 60777,51%,UGX,7.0,UGX 4254,7.0,UGX 4254,4710,95.2%,https://s.click.aliexpress.com/e/_c4VY7q6N,,,,,,
1005007433246294,https://ae-pic-a1.aliexpress-media.com/kf/S201973a6b1c544c0ba5ea660123cc484u.jpg,,500ML Temperature Display Thermos Cup Stainless Steel Divided Thermos Bottle Outdoor Vacuum Insulated Cup Father's Day Gift,UGX 127763,UGX 61815,51%,UGX,7.0,UGX 4327,7.0,UGX 4327,9219,91.6%,https://s.click.aliexpress.com/e/_c3ph6xRL,,,,,,
1005006760602533,https://ae-pic-a1.aliexpress-media.com/kf/Sb148259f7ace4e41921e0302e7f34a43V.png,,USB TYPE C Cable 5A Super Fast Charge Cable for iPhone 15 16 17 Full range Huawei Samsung oppo oneplus Universal USB C Extension,UGX 85653,UGX 39905,53%,UGX,9.0,UGX 3591,9.0,UGX 3591,27251,94.3%,https://s.click.aliexpress.com/e/_c3UZbJnj,,,,,,
1005007578607575,https://ae-pic-a1.aliexpress-media.com/kf/Sff0a2ae3f7d7424f8c8d19c1740eb35b2.jpg,https://video.aliexpress-media.com/play/u/ae_sg_item/221097294/p/1/e/6/t/10301/1100088423473.mp4,eManco Fashion Gold Size Circle Earrings Women's Jewelry Accessories Classic Stainless Steel Earrings Wholesale,UGX 16979,UGX 14913,12%,UGX,7.0,UGX 1044,7.0,UGX 1044,2311,93.8%,https://s.click.aliexpress.com/e/_c3XVFbpX,,,,,,
1005007083078468,https://ae-pic-a1.aliexpress-media.com/kf/Se966777de79248d3a1a5331553b62394M.jpg,,SMAEL 8105 Digital Watches Sports LED Wristwatches Men's 50m Waterproof Watch Digital Light Stopwatch Watch for Men,UGX 74367,UGX 35118,52%,UGX,18.0,UGX 6321,18.0,UGX 6321,3164,93.0%,https://s.click.aliexpress.com/e/_c3BWlaZL,,,,,,
1005005970564532,https://ae-pic-a1.aliexpress-media.com/kf/Saed9c6922b4d42fb8ca93b306c1b96eas.jpg,https://video.aliexpress-media.com/play/u/ae_sg_item/205957859/p/1/e/6/t/10301/4000129574312.mp4,TENSTAR RFID Starter Kit for Arduino for Raspberry PI for UNO R3 Upgraded Version Learning Suite Electronic DIY KIT,UGX 333855,UGX 164861,50%,UGX,7.0,UGX 11540,7.0,UGX 11540,165,97.7%,https://s.click.aliexpress.com/e/_c3nZ8xw1,,,,,,
1005008524907124,https://ae-pic-a1.aliexpress-media.com/kf/S7f083f8e050e4ebda12208b006c1e83fe.jpg,,Dual USB Type-C Quick Charging Cable for Samsung IPhone 17 16 15 Pro Max Huawei Xiaomi Universal Quick Charge USB C Data Cord,UGX 19741,UGX 17675,10%,UGX,9.0,UGX 1591,9.0,UGX 1591,491,92.2%,https://s.click.aliexpress.com/e/_c4bmiPk5,,,,,,
1005010578901099,https://ae-pic-a1.aliexpress-media.com/kf/Sf8adcf59965d49de9a79b478de2f72d4m.jpg,,Men Summer Silent Slippers Indoor Home Bathroom Anti-Slip Soft EVA Sole Odor-Proof Sandals for Women Comfort Lightweight,UGX 63888,UGX 28600,55%,UGX,7.0,UGX 2002,7.0,UGX 2002,4331,84.0%,https://s.click.aliexpress.com/e/_c3m9M2Pf,,,,,,
1005009663699684,https://ae-pic-a1.aliexpress-media.com/kf/S6456d0e84f5a47d2955982f19f2768e80.jpg,,2026 New Military Smart Watch Men IP67 3ATM Outdoor Sports Fitness Tracker Health Monitor 1.44Inch BT Call Smartwatch,UGX 84638,UGX 39409,53%,UGX,7.0,UGX 2759,7.0,UGX 2759,4933,83.7%,https://s.click.aliexpress.com/e/_c4CtVb9n,,,,,,
1005006922433144,https://ae-pic-a1.aliexpress-media.com/kf/Sc458ce03ea2d4f9585ce0d2148dc87a1f.jpg,,3PCS/LOT Men Silky Durag Long Tail Pirate Hat Headband Turban Dome Wave Cap Unisex Wig Cap Elastic Band Satin Bonnet,UGX 58581,UGX 26637,54%,UGX,18.0,UGX 4795,18.0,UGX 4795,4444,91.6%,https://s.click.aliexpress.com/e/_c4COQ9rj,,,,,,
1005007262803719,https://ae-pic-a1.aliexpress-media.com/kf/S5691d119ab1c45c3a305427cd33f5abeD.jpg,,2026 Electric Soldering Iron Kits (SKU:10-IN-1)(16-IN-1)(20-IN-1) 60W Adjustable Temperature Replaceable Soldering Iron Welding,UGX 81251,UGX 38560,52%,UGX,7.0,UGX 2699,7.0,UGX 2699,9244,90.9%,https://s.click.aliexpress.com/e/_c3ECVf4z,,,,,,
1005007532276116,https://ae-pic-a1.aliexpress-media.com/kf/S85e57d13c1cb4a8289195ff37e006d29U.jpg,,For AirPods Pro Protective Case Silicone New Solid Color Apple Bluetooth Headset Soft Case Protective Cover,UGX 32806,UGX 14337,56%,UGX,7.0,UGX 1004,7.0,UGX 1004,11443,79.9%,https://s.click.aliexpress.com/e/_c3dGXIil,,,,,,
1005008512061091,https://ae-pic-a1.aliexpress-media.com/kf/Sb410e0a24d6244049172ba462810af51M.jpg,,Kebidumei 1200/300Mbps Wifi Repeater Amplifier 2.4G 5G Network Expander Range Extender WiFi Signal Booster Wireless Wi-Fi Router,UGX 98430,UGX 47149,52%,UGX,7.0,UGX 3300,7.0,UGX 3300,7208,86.4%,https://s.click.aliexpress.com/e/_c4nnnr7F,,,,,,
1005007959569048,https://ae-pic-a1.aliexpress-media.com/kf/S9695891db3cf4d1b9eb0edd23300c444d.jpg,,2 In 1 Electric Portable Ear And Nose Hair Trimmer Clipper 2024 Professional Painless Portable Eyebrow For Men,UGX 60159,UGX 27415,54%,UGX,7.0,UGX 1919,7.0,UGX 1919,33686,93.4%,https://s.click.aliexpress.com/e/_c3Y9SghF,,,,,,
1005011820499710,https://ae-pic-a1.aliexpress-media.com/kf/Se06416c3652c4b41ae84741e476bf1a8K.jpg,,"Fashionable Unisex Solid Color Shoes for the Food Industry, Comfortable, Lightweight, Durable, Waterproof, Suitable for Kitchen and Hospital, Casual Soft Slip-On Flat Shoes",UGX 145603,UGX 69280,52%,UGX,7.0,UGX 4850,7.0,UGX 4850,29,80.0%,https://s.click.aliexpress.com/e/_c3XIfzDR,,,,,,
1005005485885067,https://ae-pic-a1.aliexpress-media.com/kf/S3aa02c83b776471787b85b2b252da337R.jpg,https://video.aliexpress-media.com/play/u/ae_sg_item/241632523/p/1/e/6/t/10301/1100132927100.mp4,"LED Strip Lights RGB 3535 ,5V 1M-30M,16 million colors, RGB , Led Strip Lighting Music Sync, Color Changing for Party Home",UGX 61577,UGX 28723,53%,UGX,7.0,UGX 2011,7.0,UGX 2011,5272,88.8%,https://s.click.aliexpress.com/e/_c4lYPTDB,,,,,,
1005007335709104,https://ae-pic-a1.aliexpress-media.com/kf/S6041f5f03de147b0b5f25f8e0e71926bA.jpg,,9pcs Accessories Set 3 Spill Proof Stopper Flowers Straw Cover Boot 2 Straw and Brush and 1 Flower Charm Chain for Stanley Cup,UGX 68718,UGX 31608,54%,UGX,7.0,UGX 2213,7.0,UGX 2213,7291,87.0%,https://s.click.aliexpress.com/e/_c3l2HHi1,,,,,,
1005008978674464,https://ae-pic-a1.aliexpress-media.com/kf/S28fd8f2996a64a858a49a216f4383361q.jpg,,World Famous Sports Liverpool Anfield Stadium Arsenal Stadium Old Trafford Stadium Poster Canvas Paintings Wall Art Home Decor,UGX 45657,UGX 22829,50%,UGX,7.0,UGX 1598,7.0,UGX 1598,15,90.0%,https://s.click.aliexpress.com/e/_c2R4MH6Z,,,,,,
1005009340161468,https://ae-pic-a1.aliexpress-media.com/kf/S6f068f5b8d20480fb2d436dd5d991ba3v.jpg,,New Trend Cat Eye Photochromic Glasses Fashionable Diamond Cut Myopia Glasses Women Men Luxury Color Changing Eyewear 0-1.0-4.0,UGX 36896,UGX 34830,5%,UGX,18.0,UGX 6269,18.0,UGX 6269,29,98.2%,https://s.click.aliexpress.com/e/_c3KSrInB,,,,,,
1005009543177304,https://ae-pic-a1.aliexpress-media.com/kf/S69a331a14adf49be9976903f87f49d0eQ.jpg,,Custom Name Vintage Cute Girl Pattern Makeup Bag Handbag Toiletry Bag Pencil Case Holiday Gift Cosmetic Bag,UGX 49631,UGX 22750,54%,UGX,7.0,UGX 1592,7.0,UGX 1592,1937,97.3%,https://s.click.aliexpress.com/e/_c3CQJzpf,,,,,,
1005006424068194,https://ae-pic-a1.aliexpress-media.com/kf/S31def9da81f44a8ea548e489776ce95ao.jpg,,USB Rechargeable LED Multifunctional Strong Light Pocket Keychain Flashlight Waterproof Outdoor Hiking Camping Mini Flashlight,UGX 42123,UGX 18995,54%,UGX,7.0,UGX 1330,7.0,UGX 1330,9209,93.1%,https://s.click.aliexpress.com/e/_c3ILPct3,,,,,,
1005009424136765,https://ae-pic-a1.aliexpress-media.com/kf/S076677a54ec945a3a0f647162673a88fA.jpg,,Quality Square Polarized Sunglasses Men Metal Core UV400 Unisex Sun Glasses Travel Hiking Beach Fishing Eyewear,UGX 65294,UGX 29927,54%,UGX,18.0,UGX 5387,18.0,UGX 5387,8180,94.2%,https://s.click.aliexpress.com/e/_c2QN6cbP,,,,,,
1005007410290858,https://ae-pic-a1.aliexpress-media.com/kf/S83dbfab3c7cf446a8bad3726941a9d27R.jpg,https://video.aliexpress-media.com/play/u/ae_sg_item/2676290184/p/1/e/6/t/10301/1100217739537.mp4,New LED Wrist Blood Pressure Monitor Rechargeable English Voice Broadcast Sphygmomanometer Tonometer BP Monitor,UGX 109056,UGX 52462,51%,UGX,7.0,UGX 3672,7.0,UGX 3672,11424,92.0%,https://s.click.aliexpress.com/e/_c4qd8NKt,,,,,,
1005007494419511,https://ae-pic-a1.aliexpress-media.com/kf/Se2b56c61ba754c64ab2176a94392dcb7J.jpg,,Electric Toothbrush Rotary Rechargeable Electric Toothbrush for Adults Rotating Electric Toothbrushes with 8 Soft Brush Heads,UGX 116037,UGX 55952,51%,UGX,7.0,UGX 3917,7.0,UGX 3917,9295,93.2%,https://s.click.aliexpress.com/e/_c3aKCfqv,,,,,,
1005010504790432,https://ae-pic-a1.aliexpress-media.com/kf/S6d3803429bd847c0b7b7a7c2a8b679674.jpg,,Men's Quartz Watch Bracelet Necklace Ring Set Plastic Strap Suitable for Daily Wear Festival Gifts Box Not Included,UGX 74318,UGX 34347,53%,UGX,18.0,UGX 6182,18.0,UGX 6182,202,87.1%,https://s.click.aliexpress.com/e/_c3FIDajn,,,,,,
1005009986059048,https://ae-pic-a1.aliexpress-media.com/kf/S1776e75fcd294d4b9327de6ab3e5c521A.jpg,,Classic Popular Photochromic Myopia Glasses Blue Light Blocking Eyeglasses Driving Riding Eye Protection Luxury Designer Glasses,UGX 32568,UGX 32568,0%,UGX,10.0,UGX 3257,7.0,UGX 2280,30,88.6%,https://s.click.aliexpress.com/e/_c4b8YJLT,,,,,,
1005007665191805,https://ae-pic-a1.aliexpress-media.com/kf/S01471fe7dcc4482aa020170161f262ce9.jpg,https://video.aliexpress-media.com/play/u/ae_sg_item/2672808006/p/1/e/6/t/10301/1100181315306.mp4,2P DC MCB 12V 24V 48V 500V Circuit Breaker Battery Car Protector DZ47 Positive Negative Pole Rotection  Protect Switch Isolator,UGX 52309,UGX 50243,3%,UGX,7.0,UGX 3517,7.0,UGX 3517,828,96.4%,https://s.click.aliexpress.com/e/_c3TB7Hzr,,,,,,
1005007365669652,https://ae-pic-a1.aliexpress-media.com/kf/S100d49f0b3434c25b4e4cd4a7b387462p.jpg,,Damaged Screw Extractor Set HSS Drill Bit Stripped Broken Remover Small Easily Quickly Take Out Kit Easy Demolition Power Tools,UGX 65893,UGX 4090,93%,UGX,7.0,UGX 286,7.0,UGX 286,48623,92.5%,https://s.click.aliexpress.com/e/_c4L7Ogcp,,,,,,
1005006304425302,https://ae-pic-a1.aliexpress-media.com/kf/S438441fa6f63422289a40c8e58bdafcfw.jpg,,Essager 240W USB Type C To USB C Cable 100W PD 3.1 Fast Charging Charger Wire For iPhone 15 Pro max Macbook Pro Xiaomi Samsung,UGX 67385,UGX 31627,53%,UGX,9.0,UGX 2846,9.0,UGX 2846,14484,96.7%,https://s.click.aliexpress.com/e/_c45yicSl,,,,,,
1005007116156424,https://ae-pic-a1.aliexpress-media.com/kf/S7a9adde47a544e4c83c4dc06141196e7u.jpg,,"55-105KG Men's long sleeved elastic shirt, non ironing business dress, professional work attire, stand up collar shirt",UGX 147070,UGX 67055,54%,UGX,9.0,UGX 6035,9.0,UGX 6035,676,91.0%,https://s.click.aliexpress.com/e/_c4TUaxAD,,,,,,
1005008330233641,https://ae-pic-a1.aliexpress-media.com/kf/S58081f7b4ab44aee858a2f1a14ef33bbM.jpg,,DATA FROG X3 Wireless Controller for Android Game Controller for Samsung Galaxy for PUBG Mobile for Switch/Switch OLED,UGX 209968,UGX 94518,54%,UGX,7.0,UGX 6616,7.0,UGX 6616,1667,91.8%,https://s.click.aliexpress.com/e/_c3M99ZVX,,,,,,
1005008142788723,https://ae-pic-a1.aliexpress-media.com/kf/S8dc6999d206340f88e7297e74c155e2em.jpg,,1/5pcs 360° Rotating Storage Hanger Hook Multi-Claw Bag Metal Belts Rack Wooden Organizer For Bras Ties Household Closet Acces,UGX 47919,UGX 21894,54%,UGX,7.0,UGX 1533,7.0,UGX 1533,9357,96.1%,https://s.click.aliexpress.com/e/_c3P7pq7R,,,,,,
1005005671574312,https://ae-pic-a1.aliexpress-media.com/kf/Sbdb4a238571743daab314c5dee2f76a2C.jpg,https://video.aliexpress-media.com/play/u/ae_sg_item/2672498160/p/1/e/6/t/10301/1100154565631.mp4,MaAnt CPU BGA Reballing Stencil Kit For Qualcomm HiSilicon MTK Android Phone Motherboard CPU IC Planting Tin Template Steel Mesh,UGX 32940,UGX 30874,6%,UGX,7.0,UGX 2161,7.0,UGX 2161,120,95.3%,https://s.click.aliexpress.com/e/_c4bXnlgz,,,,,,
1005007423352787,https://ae-pic-a1.aliexpress-media.com/kf/S09a36968692e469284afd493bccf5d74I.jpg,,eManco Minimalist Geometric Round Pendant Homemade Bracelet and Necklace Making Accessories,UGX 16524,UGX 14458,12%,UGX,7.0,UGX 1012,7.0,UGX 1012,1676,97.1%,https://s.click.aliexpress.com/e/_c3T3lEAH,,,,,,
1005007341694778,https://ae-pic-a1.aliexpress-media.com/kf/S8ee56ad210284db1b1286df68383dd42o.jpg,,Ultra-strong Double-sided Adhesive Nano Tape Transparent Waterproof Extra Strong Sticky Strip Heavy-duty Two Side Tape,UGX 18971,UGX 16826,11%,UGX,7.0,UGX 1178,7.0,UGX 1178,999,93.2%,https://s.click.aliexpress.com/e/_c3l4lg9F,,,,,,
1005008342329090,https://ae-pic-a1.aliexpress-media.com/kf/S1a19144453914862a981bf4f6a31cd74H.jpg,https://video.aliexpress-media.com/play/u/ae_sg_item/2672474421/p/1/e/6/t/10301/1100140236313.mp4,New RFID Men Card Wallets Hasp Small Card Wallets Slim Mini Men's Wallet High Qaulity Card Clip Photo Holder Short Male Purses,UGX 71933,UGX 33179,53%,UGX,7.0,UGX 2323,7.0,UGX 2323,1227,94.1%,https://s.click.aliexpress.com/e/_c3G8XArr,,,,,,
1005009348696071,https://ae-pic-a1.aliexpress-media.com/kf/Sdd9180e156b54939bc604fbb727a6e8dX.jpg,,Universal Car Nylon Cable Tie Buckles Heavy Duty Self-Locking Zip Ties Holder with Pin Button Fasteners Car UV Resistant Ties,UGX 33283,UGX 14576,56%,UGX,9.0,UGX 1312,9.0,UGX 1312,24085,95.3%,https://s.click.aliexpress.com/e/_c3xnREQV,,,,,,
1005007182090920,https://ae-pic-a1.aliexpress-media.com/kf/Se0cd8c3f8fbd40b283012336e0008f27d.jpg,,Women's New Style Photochromic Myopia Glasses Unisex Vintage Color Changing Near Sight Eyewear Men New Trendy Smart Sunglasses,UGX 33271,UGX 31205,6%,UGX,18.0,UGX 5617,18.0,UGX 5617,57,96.7%,https://s.click.aliexpress.com/e/_c4oifZWZ,,,,,,
1005007439096797,https://ae-pic-a1.aliexpress-media.com/kf/S1e760de8ec0943089b356dd943d0cb50q.jpg,,5LED High Power Led Flashlights Rechargeable Camping Spotlight with Side Light 3 Lighting Modes for Camping Adventure Outdoor,UGX 74746,UGX 35307,52%,UGX,7.0,UGX 2471,7.0,UGX 2471,19188,91.0%,https://s.click.aliexpress.com/e/_c3K1gevj,,,,,,
1005008182861445,https://ae-pic-a1.aliexpress-media.com/kf/S00b134c1322f42f4bb2e9248be305ae8i.png,,86pcs/Set Elegant Pearl Earrings Multi-Layered Necklace Ear Studs Rings 4-In-1 Jewelry Set For Women Daily Wear Gift (No Box),UGX 91742,UGX 43805,52%,UGX,7.0,UGX 3066,7.0,UGX 3066,9989,91.8%,https://s.click.aliexpress.com/e/_c3PBw6Yp,,,,,,
1005009024901722,https://ae-pic-a1.aliexpress-media.com/kf/Sacfa06fe12d14bd98c0ba484c724033bo.jpg,,1PCS DC 3V 5V Micro Submersible Motor Pump Silent Portable Submersible Water Pump USB for Fish Tank Fountain Aquarium Garden,UGX 40949,UGX 18408,55%,UGX,7.0,UGX 1289,7.0,UGX 1289,609,92.9%,https://s.click.aliexpress.com/e/_c4lj4uMp,,,,,,
1005008677580557,https://ae-pic-a1.aliexpress-media.com/kf/S6443b3d9ed274db7ac3de91e64e1863dI.jpg,,Multi Functional Electrician Pliers For Wire Splitting And Stripping Specialized For Electricians,UGX 80150,UGX 33197,58%,UGX,7.0,UGX 2324,7.0,UGX 2324,19080,92.2%,https://s.click.aliexpress.com/e/_c4aKI57L,,,,,,
1005008041186169,https://ae-pic-a1.aliexpress-media.com/kf/S319f897319234677b9f020071ac69ca7V.jpg,https://video.aliexpress-media.com/play/u/ae_sg_item/2668850177/p/1/e/6/t/10301/4000173726208.mp4,250W PD Car Charger QC3.0 Fast Charge two to Six Port Car Cigarette Lighter Plug Car Charger Flash Charge with Digital Display,UGX 39335,UGX 17601,55%,UGX,7.0,UGX 1232,7.0,UGX 1232,15004,92.7%,https://s.click.aliexpress.com/e/_c3mgm4Od,,,,,,
33018557495,https://ae-pic-a1.aliexpress-media.com/kf/H9dc72aa579a64abcb5b8d98b0a4436d76.jpg,https://video.aliexpress-media.com/play/u/ae_sg_item/3242317487/p/1/e/6/t/10301/340881621526.mp4,Medical Inhaler Set Atomized Cup Air Compressor Nebulizer Medicine Bottle Tank Home Allergy Inhaler Aerosol Medicine Accessories,UGX 24167,UGX 4090,83%,UGX,7.0,UGX 286,7.0,UGX 286,133,96.2%,https://s.click.aliexpress.com/e/_c2QP7wKN,,,,,,
1005007613746071,https://ae-pic-a1.aliexpress-media.com/kf/Sb347e7feff3a4b20b1ed9df62b838f4do.jpg,,New Summer Sport Yoga Headband Wide Elastic Hair Bands Running Fitness Headwear Women Turban Head Warp Hairband Sweatband,UGX 18094,UGX 16028,11%,UGX,18.0,UGX 2885,18.0,UGX 2885,328,90.9%,https://s.click.aliexpress.com/e/_c4axJ0gp,,,,,,
1005006349001267,https://ae-pic-a1.aliexpress-media.com/kf/Sa7e0a830d356445bb9705abf05cfd179J.jpg,https://video.aliexpress-media.com/play/u/ae_sg_item/2676312726/p/1/e/6/t/10301/4000130330108.mp4,AC 85-265V 12W E27 LED Light Bulb with Bluetooth Speaker Music Remote Control Color Changing RGB Lamp for Bedroom Party Decor,UGX 78010,UGX 36939,52%,UGX,7.0,UGX 2586,7.0,UGX 2586,4733,82.6%,https://s.click.aliexpress.com/e/_c3xKG03f,,,,,,
1005005568125240,https://ae-pic-a1.aliexpress-media.com/kf/S3f183b6baaeb4dcb941521777223567fm.jpg,https://video.aliexpress-media.com/play/u/ae_sg_item/2673697036/p/1/e/6/t/10301/1100150121101.mp4,Grade A Keel Rope Bracelet Men Femme Lucky Red Thread Braclet Attract Mirco Magentic Couple Braslet Wealth Prosperity Brazalete,UGX 36279,UGX 16074,55%,UGX,7.0,UGX 1125,7.0,UGX 1125,8011,93.4%,https://s.click.aliexpress.com/e/_c3sMLA1F,,,,,,
1005006611425098,https://ae-pic-a1.aliexpress-media.com/kf/S615e7e0ba0254a13adbe2141c026884ce.jpg,,Casual cotton men's shirt slim fit horse logo bottom inch shirt Oxford spinning long sleeved striped shirt,UGX 193748,UGX 118055,39%,UGX,9.0,UGX 10625,9.0,UGX 10625,173,88.8%,https://s.click.aliexpress.com/e/_c30gp2vx,,,,,,
1005007957327517,https://ae-pic-a1.aliexpress-media.com/kf/Secbb5f1c9b624aafbc61ffb798ea2e05Q.jpg,,SYNOKE Colorful Children Seven Lights Watches Sport Students Digital Watch For Kids Waterproof Electronic Watch Shock Resist,UGX 62922,UGX 28765,54%,UGX,18.0,UGX 5178,18.0,UGX 5178,366,95.1%,https://s.click.aliexpress.com/e/_c377apA1,,,,,,
1005005424739075,https://ae-pic-a1.aliexpress-media.com/kf/S15bdf3f964e04d42bbc286e62c9dcc3bB.jpg,https://video.aliexpress-media.com/play/u/ae_sg_item/2207671742434/p/1/e/6/t/10301/318548334943.mp4,New Rfid Men Card Wallets Small Card Wallets Carbon Fiber Mini Men's Wallet High Qaulity PU Leather Slim Male Purses,UGX 68351,UGX 31425,54%,UGX,7.0,UGX 2200,7.0,UGX 2200,129,94.0%,https://s.click.aliexpress.com/e/_c2vwDBR3,,,,,,
1005009254216387,https://ae-pic-a1.aliexpress-media.com/kf/S814a46217b3e48809e14c45721d92efbE.jpg,,Bluetooth 5.3 Headsets Gaming Headphones Dual Mode Wireless Earphones Foldable Noise Reduction Music Headsets For iPhone Xiaomi,UGX 89015,UGX 41549,53%,UGX,7.0,UGX 2908,7.0,UGX 2908,15893,85.8%,https://s.click.aliexpress.com/e/_c3PQfqYt,,,,,,
1005007345482625,https://ae-pic-a1.aliexpress-media.com/kf/S820827f1a8fe40688bd785dd4dcc6f6cw.jpg,,Weightlifti Gym Gloves Fitness Training Fingerless Women Men Bodybuilding Exercise Sports Gloves Cycling Anti Slip Breathable,UGX 44410,UGX 19693,55%,UGX,18.0,UGX 3545,18.0,UGX 3545,8192,87.8%,https://s.click.aliexpress.com/e/_c3wncz0V,,,,,,
1005009394718628,https://ae-pic-a1.aliexpress-media.com/kf/S4d2aa5edfee64c4cb54fa3285e735e18t.jpg,,"Mesh backpack, swimming drawstring bag, backpack with wet pocket, beach storage backpack, outdoor fishing bag",UGX 118471,UGX 55984,52%,UGX,7.0,UGX 3919,7.0,UGX 3919,82,90.0%,https://s.click.aliexpress.com/e/_c3zM8Jpf,,,,,,
1005008384632210,https://ae-pic-a1.aliexpress-media.com/kf/S5e8ffff70e014056826c4a9a87666ab6Z.jpg,,"1 pcs, thickened file rack, file frame, quadruple file seat, simple data basket, shelf, file basket, office use, student use",UGX 161376,UGX 52804,67%,UGX,7.0,UGX 3696,7.0,UGX 3696,81,90.6%,https://s.click.aliexpress.com/e/_c2RVrGe9,,,,,,
1005009584883228,https://ae-pic-a1.aliexpress-media.com/kf/S10b69e6b92d94f988c94204d0b60a40cZ.jpg,,New Round Frame Sunglasses Men's and Women's Fashionable UV Resistant Sunglasses Outdoor Driving Glasses UV400,UGX 28959,UGX 28959,0%,UGX,10.0,UGX 2896,7.0,UGX 2027,364,88.6%,https://s.click.aliexpress.com/e/_c424di0D,,,,,,
1005009261871587,https://ae-pic-a1.aliexpress-media.com/kf/Sfd3278c1e6c84d07adccf055406a4b7f1.jpg,,T9 Vintage Men's Electric Hair Clipper Beard Trimmer/Rechargeable Hair Cutting Machine With Nose Hair Trimmer Kit Boyfriend Gift,UGX 66615,UGX 4090,93%,UGX,7.0,UGX 286,7.0,UGX 286,35048,88.9%,https://s.click.aliexpress.com/e/_c3njiDY5,,,,,,
1005005547998913,https://ae-pic-a1.aliexpress-media.com/kf/Sc8e303f195224e8488af3355ae8f1cfdm.jpg,,Photochromic Myopia Glasses Blue Light Blocking Sports Nearsighted Eyeglasses Color-Changing Optical Computer Eyewear 0 To 4.0,UGX 33627,UGX 31561,6%,UGX,10.5,UGX 3314,7.0,UGX 2209,37,94.3%,https://s.click.aliexpress.com/e/_c3xOGcuZ,,,,,,
1005008340862283,https://ae-pic-a1.aliexpress-media.com/kf/Sce15e8b06929425ab2d21ad3e807230dl.jpg,,Car Vehicle Tracking Anti-Lost Locator Mini GPS Tracker for Vehicles Locator Tracker for Tracking System Bluetooth,UGX 50633,UGX 22235,56%,UGX,7.0,UGX 1556,7.0,UGX 1556,22391,81.6%,https://s.click.aliexpress.com/e/_c45RPurP,,,,,,
1005010403647997,https://ae-pic-a1.aliexpress-media.com/kf/S541dd283f89d40109a41c86b5357e68af.jpg,,Women Sexy Lingerie Lace Seamless Tube Top Breathable Strapless Bandeau Bra Underwear Without Pad Sleep Underwear Sports Bra,UGX 24522,UGX 22456,8%,UGX,7.0,UGX 1572,7.0,UGX 1572,97,95.0%,https://s.click.aliexpress.com/e/_c3NgdyD3,,,,,,
1005006703408104,https://ae-pic-a1.aliexpress-media.com/kf/S4cc0cc93bad34baa8512825b70ef408eB.png,,High Quality Wireless Bluetooth Speaker 30ft Wireless Range  Subwoofer With Suction CupSuitable for Cycling Picnic Outdoor,UGX 63582,UGX 29725,53%,UGX,7.0,UGX 2081,7.0,UGX 2081,2079,87.2%,https://s.click.aliexpress.com/e/_c4Kyfpfx,,,,,,
1005005580079485,https://ae-pic-a1.aliexpress-media.com/kf/S1fa6a61ebf33468982484654cb27b70b1.jpg,,"1pc A4 File Folders, Documents Organizer, Clipboard With Cover, Paper Folder For Business & School, Stationery & Office Supplies",UGX 85298,UGX 40583,52%,UGX,7.0,UGX 2841,7.0,UGX 2841,7332,93.2%,https://s.click.aliexpress.com/e/_c35bqADT,,,,,,
1005009388339956,https://ae-pic-a1.aliexpress-media.com/kf/S76e927deb0004b6b9335dbab080b3043I.jpg,,New Fashionable Men's Watch Simple Black Male Quartz Watches Arabic digital Casual Drip Oil Strap,UGX 36908,UGX 33913,8%,UGX,18.0,UGX 6104,18.0,UGX 6104,5027,86.4%,https://s.click.aliexpress.com/e/_c4PqIzSZ,,,,,,
1005005397412682,https://ae-pic-a1.aliexpress-media.com/kf/S99a2c28d6b334d30bd6abeb0cc2e0d3bE.jpg,https://video.aliexpress-media.com/play/u/ae_sg_item/2661819687/p/1/e/6/t/10301/1100064366046.mp4,ECG+PPG Bluetooth Call Smart Watch Men Laser Health Blood Pressure Fitnes Sports Watches Man Sports Waterproof Smartwatch+Box,UGX 144221,UGX 68601,52%,UGX,7.0,UGX 4802,7.0,UGX 4802,1895,87.4%,https://s.click.aliexpress.com/e/_c41oXHah,,,,,,
1005008532114037,https://ae-pic-a1.aliexpress-media.com/kf/S6e337a132ad44213927a8e6bf56eb7a1y.jpg,,Luxury Magnetic Wireless Charge For Magsafe Case For Samsung Galaxy S25 S23 Ultra S24 Plus FE Folding Stand Holder Matte Cover,UGX 31685,UGX 29082,8%,UGX,7.0,UGX 2036,7.0,UGX 2036,1234,93.7%,https://s.click.aliexpress.com/e/_c3eeCAEV,,,,,,
1005007704691145,https://ae-pic-a1.aliexpress-media.com/kf/Sa95ec7bd741d47bfa8154aef1548cee80.jpg,,Thicken Clothes Organizer Pants Sweater Storage Cabinets Drawers Organizer Jeans Storage Box Wardrobe Clothes Storage Organizers,UGX 60305,UGX 28086,53%,UGX,7.0,UGX 1966,7.0,UGX 1966,14030,87.6%,https://s.click.aliexpress.com/e/_c4FWXkFB,,,,,,
1005009662136088,https://ae-pic-a1.aliexpress-media.com/kf/S146b786203254c7abbb7f7df5223bd15w.jpg,https://video.aliexpress-media.com/play/u/ae_sg_item/239578790/p/1/e/6/t/10301/4000298844554.mp4,360 Rotating Bracket Leather Phone Case for Samsung Galaxy S25 Ultra S24 S23 S22 S25EDGE Magnetic Charging Kickstand Back Cover,UGX 65477,UGX 63411,3%,UGX,7.0,UGX 4439,7.0,UGX 4439,93,90.4%,https://s.click.aliexpress.com/e/_c3QMzB3L,,,,,,
1005010537092864,https://ae-pic-a1.aliexpress-media.com/kf/S24255b7ec46f40b782d001d984617d80I.jpg,,for DDPAI Z90 Master Front HD Lens Dust Protection Anti Glare CPL Filter for DDPAI Rear Camera CPL Filter,UGX 77994,UGX 70145,10%,UGX,7.0,UGX 4910,7.0,UGX 4910,20,100.0%,https://s.click.aliexpress.com/e/_c4UNVh5X,,,,,,
1005007804259367,https://ae-pic-a1.aliexpress-media.com/kf/S8233e206de1a469e82e2d81dcb961009N.jpg,https://video.aliexpress-media.com/play/u/ae_sg_item/239265354/p/1/e/6/t/10301/1100083371885.mp4,HiBREW Portable Coffee Machine Expresso Coffee Maker Fit Nexpresso Capsule Coffee Powder for Car Camping & Home Heat Water H4A,UGX 964652,UGX 480260,50%,UGX,7.0,UGX 33618,7.0,UGX 33618,17,96.7%,https://s.click.aliexpress.com/e/_c3CIe05T,,,,,,
1005005862270445,https://ae-pic-a1.aliexpress-media.com/kf/Se3d516af11694369b87df80f127a280eP.jpg,,Hippcron CarPlay Android Auto Car Radio Multimedia Video Player 7inch Portable Touch Screen With USB AUX For Rear View Camera,UGX 376370,UGX 188185,50%,UGX,7.0,UGX 13173,7.0,UGX 13173,154,86.9%,https://s.click.aliexpress.com/e/_c3O7WNy9,,,,,,
1005009788749558,https://ae-pic-a1.aliexpress-media.com/kf/S576db3faaa524d90ab10c8771f63f735b.jpg,,G74 Acid Washed Black Cotton Men's Vintage MTB bike Graphic T-shirt |  Streetwear Big Size Cool O-neck men's Tee Tshirt,UGX 72954,UGX 69773,4%,UGX,9.0,UGX 6280,9.0,UGX 6280,2,,https://s.click.aliexpress.com/e/_c3rDyj3j,,,,,,
1005010785290052,https://ae-pic-a1.aliexpress-media.com/kf/Sac3ef311bda3405ca04ab06a1955819ft.jpg,,2Pcs Silicone Elastic Flashlight Lampshade For SP31 SP35 IF22A C8G IF25A SP36 S2 C8 EA01 TS21 Q8 14-75MM Torch,UGX 34677,UGX 15273,55%,UGX,7.0,UGX 1069,7.0,UGX 1069,179,98.1%,https://s.click.aliexpress.com/e/_c4ciQAUD,,,,,,
1005006863344142,https://ae-pic-a1.aliexpress-media.com/kf/Saf19e703d2764292ad7faf8e80984783h.jpg,https://video.aliexpress-media.com/play/u/ae_sg_item/234410658/p/1/e/6/t/10301/4000178274162.mp4,Car Covers Outdoor Waterproof Sun Rain Snow Protection UV Auto Cover Universal SUV/Sedan 190T Car Protective Full Covers,UGX 415546,UGX 205707,50%,UGX,7.0,UGX 14399,7.0,UGX 14399,2977,94.0%,https://s.click.aliexpress.com/e/_c4rptsbX,,,,,,
1005006597670357,https://ae-pic-a1.aliexpress-media.com/kf/Sa25e5e07410049a989fabc5c31c13716B.jpg,,TNCE TUYA Smart Plug WiFi or Zigbee3.0 Socket EU 16A/20A Power Monitor Timing Function Voice Control Work With Alexa Google Home,UGX 76458,UGX 35399,53%,UGX,7.0,UGX 2478,7.0,UGX 2478,32003,94.2%,https://s.click.aliexpress.com/e/_c40k3IpF,,,,,,
1005006981580342,https://ae-pic-a1.aliexpress-media.com/kf/S52bec678438a44178a3d64a943080dabN.jpg,,New Zeblaze Btalk 3 Plus Voice Calling Smart Watch 1.39'' Large HD Color Display Fitness Tracking Smartwatch for Men and Ladies,UGX 160288,UGX 76476,52%,UGX,7.0,UGX 5353,7.0,UGX 5353,3349,96.0%,https://s.click.aliexpress.com/e/_c35FKbOt,,,,,,
1005005994073941,https://ae-pic-a1.aliexpress-media.com/kf/S6708b420ddfb48f6b19ebffebefc6582B.jpg,,"Orthopedic Memory Foam Seat Cushion Set, Coccyx Support Cushion, Office Chair, Waist, Back, Lumbar, Car Seat, Hip Massage Pad",UGX 103694,UGX 98816,4%,UGX,7.0,UGX 6917,7.0,UGX 6917,168,90.8%,https://s.click.aliexpress.com/e/_c44JCEHx,,,,,,
1005007826856362,https://ae-pic-a1.aliexpress-media.com/kf/S446c5f63484d477098d98686e408f5e6g.jpg,,Convoy Aluminum Alloy Flashlight Handle with 1/4 UNC Screw,UGX 57450,UGX 55384,3%,UGX,7.0,UGX 3877,7.0,UGX 3877,104,98.4%,https://s.click.aliexpress.com/e/_c3HfVim5,,,,,,
1005008869426309,https://ae-pic-a1.aliexpress-media.com/kf/S90a434cdfca54e7bb14f947ae4b58b0bo.jpg,,NEEBRC 21G Metal Gear Waterproof Dgital RC Servo for 1/14 1/16 1/18 RC Car Drone Boat Hyper Go 14209 14210 MN99S MN82 MN78 WPL,UGX 80921,UGX 38395,52%,UGX,7.0,UGX 2688,7.0,UGX 2688,420,96.5%,https://s.click.aliexpress.com/e/_c3U4j37F,,,,,,
1005008580124111,https://ae-pic-a1.aliexpress-media.com/kf/S70efd95a943c48adb82d8b2027f793f5r.jpg,,"2pcs Modern Blackout Curtains - UV Protection, Heat-Resistant, Light-Blocking Drapes for Living Room & Bedroom, Window Curtains",UGX 93551,UGX 89345,4%,UGX,7.0,UGX 6254,7.0,UGX 6254,546,92.0%,https://s.click.aliexpress.com/e/_c3rD2HHP,,,,,,
1005005994211308,https://ae-pic-a1.aliexpress-media.com/kf/Sac0c4720e7ff405a80bc8d691f97f08fH.jpg,,Memory Foam Seat Cushion Waist Back Support Pillow Set Orthopedic Ergonomic Coccyx Relief Hip Lumbar Pad for Office Chair Car,UGX 117425,UGX 112547,4%,UGX,7.0,UGX 7878,7.0,UGX 7878,162,89.2%,https://s.click.aliexpress.com/e/_c2ywQKop,,,,,,
1005011998831501,https://ae-pic-a1.aliexpress-media.com/kf/S16da0755e67f47aebe4d1e8eb82450c2e.jpg,,Lumintop W3 Rechargeable Flashlight COB Multiple Light Modes Compact Strong Brightness Outdoor Tool 1000 Lumens,UGX 940393,UGX 470197,50%,UGX,7.0,UGX 32914,7.0,UGX 32914,0,,https://s.click.aliexpress.com/e/_c2xGYTB7,,,,,,
1005010683166051,https://ae-pic-a1.aliexpress-media.com/kf/S513fb9543b6940cfb483e864cbf9e174Y.jpg,,for ddpai Dash Cam 4K Z60 pro/ Z60 CPL Filter HD Lens Dust Protection Anti Glare for ddpai Rear camera CPL Filter,UGX 121122,UGX 111207,8%,UGX,7.0,UGX 7784,7.0,UGX 7784,2,,https://s.click.aliexpress.com/e/_c41pzfxL,,,,,,
1005008924686412,https://ae-pic-a1.aliexpress-media.com/kf/Sb23eee0f240346878dd971ca31720f54M.png,,2025 NEW! Auto Ignition Coil Test Injector Solenoid Valve Idling Stepper Motor Instrument Tester Fault Detector Drive Simulator,UGX 417441,UGX 185782,55%,UGX,7.0,UGX 13005,7.0,UGX 13005,950,97.3%,https://s.click.aliexpress.com/e/_c3O3Ffsd,,,,,,
1005010452581433,https://ae-pic-a1.aliexpress-media.com/kf/Sd239b09fe3b24e4b88a925bee44ae541f.jpg,,for ddpai Dash Cam 4K Z60 / Z60 Pro CPL Filter HD Lens Dust Protection Anti Glare for ddpai Rear camera CPL Filter,UGX 93114,UGX 83075,10%,UGX,7.0,UGX 5815,7.0,UGX 5815,65,97.1%,https://s.click.aliexpress.com/e/_c3ZlwAkZ,,,,,,
1005008749190855,https://ae-pic-a1.aliexpress-media.com/kf/S836ef28c281c4c6380198f86d991d6e7n.jpg,,for DDPAI Dash Cam Z60 PRO / Z60 suction cup bracket,UGX 54406,UGX 49448,9%,UGX,7.0,UGX 3461,7.0,UGX 3461,79,92.2%,https://s.click.aliexpress.com/e/_c4pzFpPF,,,,,,
1005011883680233,https://ae-pic-a1.aliexpress-media.com/kf/S118c4c58df124480b30f73b6d72b8e556.jpg,,1PC 2 Pole Double Throw Knife Disconnect Switch 32A 63A 100A DPDT Cutter Safety Disconnect Switch Power Disconnect Switch,UGX 97293,UGX 46581,52%,UGX,7.0,UGX 3261,7.0,UGX 3261,128,89.1%,https://s.click.aliexpress.com/e/_c3nUznAp,,,,,,
1005012365589298,https://ae-pic-a1.aliexpress-media.com/kf/Sa7582ca2df774855896a46dc121db61et.jpg,,"1/4 UNC Screw Compatibility:Designed With A 1/4 UNC Screw, The Handle Fits Perfectly With Convoy 3X21B And 3X21C Flashlights",UGX 101927,UGX 42197,58%,UGX,7.0,UGX 2954,7.0,UGX 2954,5,60.0%,https://s.click.aliexpress.com/e/_c4knxKjf,,,,,,
1005008370874953,https://ae-pic-a1.aliexpress-media.com/kf/S9d012e960c9d40e0980af1cafc0794d3b.jpg,,Pet Cat Water Pump Fountain Anti-dry Burning Motor Replacement for Cat Flowers Drinking Bowl Water Dispenser Pet Products,UGX 145725,UGX 67880,53%,UGX,7.0,UGX 4752,7.0,UGX 4752,1040,95.0%,https://s.click.aliexpress.com/e/_c2zm09y9,,,,,,
1005009203369126,https://ae-pic-a1.aliexpress-media.com/kf/Sc60f55eb0cc34ebda6f815da50e63ffbE.jpg,https://video.aliexpress-media.com/play/u/ae_sg_item/2677392052/p/1/e/6/t/10301/4000211106411.mp4,10/12L Camping Water Container Outdoor Water Bucket Large Capacity Portable Water Bag Detachable Faucet Picnic Drive Water Tank,UGX 297357,UGX 146613,50%,UGX,7.0,UGX 10263,7.0,UGX 10263,40,91.3%,https://s.click.aliexpress.com/e/_c3DHdLW1,,,,,,
1005006367488818,https://ae-pic-a1.aliexpress-media.com/kf/S3f8792ddc611475e931bd89e01978e75z.jpg,https://video.aliexpress-media.com/play/u/ae_sg_item/240070091/p/1/e/6/t/10301/1100198319725.mp4,New Antistress Fidget Compression Sensory  New Novelty Magic Dice Toys for Children Adults Stress Relief Toys Kids juguetes Toys,UGX 51281,UGX 23574,54%,UGX,7.0,UGX 1650,7.0,UGX 1650,372,91.4%,https://s.click.aliexpress.com/e/_c4pc49Cd,,,,,,
1005007010437525,https://ae-pic-a1.aliexpress-media.com/kf/Sf474f5895edf44db9d2034bb31e3ea92I.jpg,,Dash Cam 4K UHD Recording Car Camera DVR Night Vision Video Recorder Built-In Wi-Fi Support GPS 24H Parking,UGX 406779,UGX 145811,64%,UGX,7.0,UGX 10207,7.0,UGX 10207,11948,92.6%,https://s.click.aliexpress.com/e/_c3H0BqIH,,,,,,
1005010238148080,https://ae-pic-a1.aliexpress-media.com/kf/S00008a1e68b74b6d9633fce968c6e21ds.jpg,https://video.aliexpress-media.com/play/u/ae_sg_item/17380292000/p/1/e/6/t/10301/321009659078.mp4,TOMZN Din Rail 110V 230V AC Adjustable Over Under Voltage Protective Device Protector Relay Monitor Current Limit 40A 63A 80A,UGX 119070,UGX 55085,53%,UGX,7.0,UGX 3856,7.0,UGX 3856,3224,97.5%,https://s.click.aliexpress.com/e/_c4MMh7Jj,,,,,,
1005010119545954,https://ae-pic-a1.aliexpress-media.com/kf/S649be46236e64a16bd1b689c7c00320dt.jpg,,MXQ PRO MAX TV Box Android 2.4G&5G WiFi Original S905L Quad Core Media Player Mxq Pro HDR+ 4K Set Top Box IPTV Netflix YouTube,UGX 292399,UGX 143274,51%,UGX,3.0,UGX 4298,3.0,UGX 4298,582,84.4%,https://s.click.aliexpress.com/e/_c4TYGIdL,TETALS,2025-10-11 00:00:00,2026-06-30 00:59:59,UGX 36.68,1995,UGX 446.30
1005009516371966,https://ae-pic-a1.aliexpress-media.com/kf/Sd0729be986854e1a957ce767098f21bfJ.jpg,,for DDPAI Dash Cam Z60 pro 4K CPL Filter Rear camera CPL HD Lens Dust Protection Anti Glare CPL Filter,UGX 91544,UGX 82455,9%,UGX,7.0,UGX 5772,7.0,UGX 5772,15,85.6%,https://s.click.aliexpress.com/e/_c3t6z32Z,,,,,,
1005012134939401,https://ae-pic-a1.aliexpress-media.com/kf/S1edca6c4e83e4dafbd2661213cced7398.jpg,,YEMAO M12 Pocket Flashlight 300 Lumens USB-C Charging Aluminum EDC Keychain Light With Power Display,UGX 103920,UGX 44697,56%,UGX,7.0,UGX 3129,7.0,UGX 3129,33,86.0%,https://s.click.aliexpress.com/e/_c4NZnkD3,,,,,,
1005010620994509,https://ae-pic-a1.aliexpress-media.com/kf/Sb13437b676374fecb47782f94186baf4D.jpg,,For DDPAI Z60 Pro 4K Dash Cam Upgraded WDR Rear Camera Z60 PRO Sony  im307 1080P HD Waterproof AHD Car Rear View Camera,UGX 251787,UGX 231132,8%,UGX,7.0,UGX 16179,7.0,UGX 16179,5,,https://s.click.aliexpress.com/e/_c3lrVTQh,,,,,,
1005008488261165,https://ae-pic-a1.aliexpress-media.com/kf/Sa9c6be8bfd6d437ebb09849659fa013de.jpg,,"2025 New Hot Dashboard Tablet Holder for Car Suction Car Mount With for All 7""-15"" Pad Tablet and 4"" - 7""Straight Panel Phone",UGX 176856,UGX 86362,51%,UGX,9.0,UGX 7773,9.0,UGX 7773,110,95.4%,https://s.click.aliexpress.com/e/_c3y4RBm1,,,,,,
1005006801931062,https://ae-pic-a1.aliexpress-media.com/kf/S382879bd595a42e1afeb3beee5618779t.png,,BQCC 10.26 Inch Portable Wireless Carplay Screen HD Rear Reversing Camera Car Radio DVR MP5 Multimedia Video Player Android Auto,UGX 694391,UGX 340250,51%,UGX,7.0,UGX 23818,7.0,UGX 23818,2854,85.6%,https://s.click.aliexpress.com/e/_c4m9PPrb,,,,,,
1005005837909666,https://ae-pic-a1.aliexpress-media.com/kf/Sfcc7476eedd54c119c5afe8024132e13D.jpg,,110VAC 120VAC 40A 63A  Din Rail Dual Display Adjustable Over Voltage Current and Under Voltage Protective Device Protector Relay,UGX 57711,UGX 55645,3%,UGX,7.0,UGX 3895,7.0,UGX 3895,876,96.2%,https://s.click.aliexpress.com/e/_c38hsCJB,,,,,,
1005009399592209,https://ae-pic-a1.aliexpress-media.com/kf/S6cf01ddbafde4e39b6dbed70cb89143fT.jpg,,6-fold 800W Foldable Solar Panel 20w/h  Portable Solar Panels Charger USB 5V DC Full Time Power Solar Panel Mobile Power Supply,UGX 313864,UGX 148587,52%,UGX,7.0,UGX 10401,7.0,UGX 10401,455,88.1%,https://s.click.aliexpress.com/e/_c4cWue0p,,,,,,
1005010407329536,https://ae-pic-a1.aliexpress-media.com/kf/Sd4e12d2ebf1e487e98b287e2e8c661baD.jpg,,JBD Car Start Smart BMS 3S 4S 12V LiFePO4 Li-ion Battery with BT UART Heating 60A 100A 120A 150A 200A Battery Management System,UGX 135338,UGX 133272,1%,UGX,7.0,UGX 9329,7.0,UGX 9329,165,94.2%,https://s.click.aliexpress.com/e/_c3BxnxyN,,,,,,
1005006680359678,https://ae-pic-a1.aliexpress-media.com/kf/Sa503178ce71448f8908f55579d0002fcv.jpg,https://video.aliexpress-media.com/play/u/ae_sg_item/251455958/p/1/e/6/t/10301/1100215667875.mp4,4K 8MP HD Wifi PTZ Camera Outdoor 4MP Dual Lens Dual Screen AI Auto Tracking IP Camera CCTV Audio Video Surveillance P2P iCSee,UGX 333978,UGX 164923,50%,UGX,7.0,UGX 11545,7.0,UGX 11545,569,91.2%,https://s.click.aliexpress.com/e/_c3UtSRJL,,,,,,
1005009748356967,https://ae-pic-a1.aliexpress-media.com/kf/Sa6bccc15f3b14f719dc5d47c0f0c6468Z.jpg,,For Ford F150 F-Series F-150 SVT Raptor 2009- 2014 Side Rear View Mirror Indicator LED Dynamic Turn Signal Light Sequential Lamp,UGX 61098,UGX 61098,0%,UGX,7.0,UGX 4277,7.0,UGX 4277,0,100.0%,https://s.click.aliexpress.com/e/_c3fOtktj,,,,,,
1005010620898656,https://ae-pic-a1.aliexpress-media.com/kf/S2593028d23ec42a1a5d6a936c6714c240.jpg,,for DDPAI Rear Camera CPL Filter Lens Dust Protection Anti Glare for DDPAI Z90Master / Z90 PRO Rear Camera CPL Filter,UGX 74813,UGX 67377,9%,UGX,7.0,UGX 4716,7.0,UGX 4716,11,100.0%,https://s.click.aliexpress.com/e/_c4ErNIe5,,,,,,
1005010450932993,https://ae-pic-a1.aliexpress-media.com/kf/Se7add7ef93ec4304bd3132328ce369bb1.jpg,,YM-A200M 5200LM Portable High-performance LED Handheld Flashlight With Magnetic/Clip Torch Perfect For Outdoor Hiking Camping,UGX 383437,UGX 189652,50%,UGX,7.0,UGX 13276,7.0,UGX 13276,121,95.4%,https://s.click.aliexpress.com/e/_c4LSdxj7,,,,,,
1005011973715672,https://ae-pic-a1.aliexpress-media.com/kf/S16d662108c854d769500df34a85b6608r.jpg,,Wurkkos TS26 3400-Lumen RGB Flashlight: 21700 Portable EDC Professional Outdoor Light with Magnetic Tail Cap,UGX 374144,UGX 162556,56%,UGX,7.0,UGX 11379,7.0,UGX 11379,26,85.0%,https://s.click.aliexpress.com/e/_c33x6GN3,,,,,,
1005010012986164,https://ae-pic-a1.aliexpress-media.com/kf/S418fbc84f0c841b0b7dc0146ab5b571e2.jpg,,Hexagon Rotating Floor Clothes Rack Dormitory Coat Hanger Stand Indoor Drying Rack Movable Garment Organizer Hat Stand,UGX 390541,UGX 193204,50%,UGX,7.0,UGX 13524,7.0,UGX 13524,270,93.6%,https://s.click.aliexpress.com/e/_c3XXIJev,,,,,,
1005010491235377,https://ae-pic-a1.aliexpress-media.com/kf/S17bc2aa6974d4316ae1ce67ccefac5bb5.jpg,,30x30cm 16 Pcs Interlocking Yoga Mat Home Gym and Yoga Equipment Protective Mat EVA Foam Non Slip Flooring Indoor Fitness,UGX 307640,UGX 136372,55%,UGX,7.0,UGX 9546,7.0,UGX 9546,1166,93.4%,https://s.click.aliexpress.com/e/_c3Xg6qbB,,,,,,
1005011748617254,https://ae-pic-a1.aliexpress-media.com/kf/Sf921ca78a55c437890d981ee4b28315d3.jpg,,GBA Game Cartridge 32 Bit Video Game Console Card Series Super Advance Super Bros Kart For GBA/SP/DS,UGX 72484,UGX 32000,55%,UGX,7.0,UGX 2240,7.0,UGX 2240,177,86.4%,https://s.click.aliexpress.com/e/_c3umO54l,,,,,,
1005009554736383,https://ae-pic-a1.aliexpress-media.com/kf/S4854348de3064e7a8ebdc9c5d3716a690.jpg,,"Simulated 3D flame aromatherapy machine, essential oil humidifier, color atmosphere lighting with remote control, holiday gift",UGX 285863,UGX 140865,50%,UGX,7.0,UGX 9861,7.0,UGX 9861,378,91.6%,https://s.click.aliexpress.com/e/_c3RYc6Yp,,,,,,
1005008253500940,https://ae-pic-a1.aliexpress-media.com/kf/Sdfda3822f064426692204d01a24fdb26m.png,,"Oil Spray for Cooking - Olive Oil Dispenser Bottle Sprayer Mist-Reusable Food Grade Oil Vinegar,Spray Bottle Kitchen Accessories",UGX 52003,UGX 23416,54%,UGX,7.0,UGX 1639,7.0,UGX 1639,78308,90.4%,https://s.click.aliexpress.com/e/_c31UlMKH,,,,,,
1005007968578312,https://ae-pic-a1.aliexpress-media.com/kf/S7745bf23bebc4603848e11c4d80f0e56o.jpg,,for DDPAI Dash Cam Z60 / Z60 PRO / MINI2X Static Sticker Sticker for DDPAI Z60 pro HD Soft Nano-coated Screen,UGX 27348,UGX 24249,11%,UGX,9.0,UGX 2182,9.0,UGX 2182,83,98.8%,https://s.click.aliexpress.com/e/_c42lQFtn,,,,,,
1005009693083325,https://ae-pic-a1.aliexpress-media.com/kf/S0fd0a4448bcd4fbeae1a7dcafba8a1b0E.jpg,,For ALPHARACK Roof Rack With A 90° Angle 65mm Stainless Steel Installation Bracket,UGX 123997,UGX 59932,51%,UGX,7.0,UGX 4195,7.0,UGX 4195,286,97.1%,https://s.click.aliexpress.com/e/_c4E2ckLf,,,,,,
1005012237342097,https://ae-pic-a1.aliexpress-media.com/kf/S57913502ab79421d99d6117a8fa6a234J.jpg,,"YEMAO Dual Light Source EDC flashlights LED Torch bicycle light With Clip Magnetic/Hook USB C Charging Camping, Emergency",UGX 105229,UGX 45494,56%,UGX,7.0,UGX 3185,7.0,UGX 3185,19,96.0%,https://s.click.aliexpress.com/e/_c3ZMDIhL,,,,,,
1005010340244512,https://ae-pic-a1.aliexpress-media.com/kf/S5683afa9d4e54772822c5394195e7295O.jpg,,for DDPAI Z90Master / Z90pro Lens Dust Protection Anti Glare CPL Filter for DDPAI Rear Camera CPL Filter,UGX 74813,UGX 67377,9%,UGX,7.0,UGX 4716,7.0,UGX 4716,18,100.0%,https://s.click.aliexpress.com/e/_c4TMZVHX,,,,,,
1005011840304076,https://ae-pic-a1.aliexpress-media.com/kf/Sd5cee8244baa469ea19864ada3bd3d69L.jpg,,DDPAI OBD Hardwire Kit for Dash Cam N3Pro Z50Pro Z50 Z60 Z90 Series Support 24H Parking Mode,UGX 305305,UGX 144479,52%,UGX,7.0,UGX 10114,7.0,UGX 10114,13,80.0%,https://s.click.aliexpress.com/e/_c33wQIQz,,,,,,
1005009828061629,https://ae-pic-a1.aliexpress-media.com/kf/S46a06772797c4f5b872953600c49c21as.jpg,,Easy to move 360° multifunctional floor-standing metal clothes hanger home bedroom clothes storage rack hexagonal shelf detachab,UGX 410643,UGX 203255,50%,UGX,7.0,UGX 14228,7.0,UGX 14228,378,92.4%,https://s.click.aliexpress.com/e/_c4WvITCl,,,,,,
1005007431129955,https://ae-pic-a1.aliexpress-media.com/kf/Sa0d6d677c5a149199c2c0ef198f49eb5q.jpg,,Lenovo GM2 Pro TWS Wireless HIFI Stereo Headset Low Latency Headphones Gaming Music Dual Mode Earbuds Music Sport Headset,UGX 114705,UGX 52994,53%,UGX,7.0,UGX 3710,7.0,UGX 3710,21450,96.2%,https://s.click.aliexpress.com/e/_c3rBozO1,,,,,,
1005008283766732,https://ae-pic-a1.aliexpress-media.com/kf/S7861214328ee434180e7fd8eee486eaf0.jpg,,"New Automatic Buckle Belt, Canvas Tactical Workwear Casual Outdoor Military Training Pants Belt For Men",UGX 62934,UGX 4090,93%,UGX,18.0,UGX 736,18.0,UGX 736,104709,88.6%,https://s.click.aliexpress.com/e/_c3nXWJK1,,,,,,
1005008237532150,https://ae-pic-a1.aliexpress-media.com/kf/S7a7cf92cca814618a2d588365299b9e9H.jpg,,New Smart Watch Android IOS Phone 1.44 Inch Color Screen Bluetooth Call Blood Oxygen/Pressure Monitoring Smart Watch Women Men,UGX 77436,UGX 33885,56%,UGX,7.0,UGX 2372,7.0,UGX 2372,4190,88.4%,https://s.click.aliexpress.com/e/_c2yeCQNF,,,,,,
1005007353706199,https://ae-pic-a1.aliexpress-media.com/kf/S41c0972116a144a8b9cdd7b3d5772652R.png,,Multi USB Type C to C 60W Charging Adapter Cable Kit USB C to Lighting Conversion Set USB A & Type C to Micro/Type C/Lighting,UGX 57383,UGX 26051,54%,UGX,9.0,UGX 2345,9.0,UGX 2345,32874,93.4%,https://s.click.aliexpress.com/e/_c3Pduip3,,,,,,
1005007914556601,https://ae-pic-a1.aliexpress-media.com/kf/S68bc844cef4e43d8aa593135470f1af6x.jpg,,RGB Led Strip Lights 5m 10m 20m 30m Led Room Light with APP Control Flexible Ribbon Luces Led Tape for Room Bedroom Decoration,UGX 29126,UGX 4090,85%,UGX,7.0,UGX 286,7.0,UGX 286,79674,90.1%,https://s.click.aliexpress.com/e/_c3krR3LL,,,,,,
1005006930863642,https://ae-pic-a1.aliexpress-media.com/kf/S0139488e654848fbbacc85039f31e20b1.jpg,,Retro T9 Original Haircutting Machine Set Jackets Trimmer Men's Electric Shaver Male Lence Pro Barber Shaver for Sensitive Areas,UGX 63778,UGX 4090,93%,UGX,7.0,UGX 286,7.0,UGX 286,60401,82.2%,https://s.click.aliexpress.com/e/_c4DPwuHj,,,,,,
1005003923504472,https://ae-pic-a1.aliexpress-media.com/kf/Sd7192171722d4e278efd9e09b73fedd7C.jpg,https://video.aliexpress-media.com/play/u/ae_sg_item/221097294/p/1/e/6/t/10301/1100084548662.mp4,e-Manco Hot Sale Stainless Steel Snake Chain Bracelet Fashion Jewelry For Men Women Stainless Steel Link Bracelet,UGX 18590,UGX 18590,0%,UGX,7.0,UGX 1301,7.0,UGX 1301,112,97.3%,https://s.click.aliexpress.com/e/_c3qbWyFn,,,,,,
1005008025105623,https://ae-pic-a1.aliexpress-media.com/kf/S741eac022d084551b5168d008e43f37f1.png,,LAXASFIT Men Sports Smart Watch 1.71 Screen Blood Oxygen Bluetooth Talking Watch Multi Sport LED Flashlight Outdoor Smart Watch,UGX 94065,UGX 41207,56%,UGX,7.0,UGX 2884,7.0,UGX 2884,1192,87.1%,https://s.click.aliexpress.com/e/_c3IhJuWz,,,,,,
1005005885646799,https://ae-pic-a1.aliexpress-media.com/kf/S717c6d054b2f4039a3e14dc16fa09dc3f.jpg,https://video.aliexpress-media.com/play/u/ae_sg_item/251033939/p/1/e/6/t/10301/1100135496125.mp4,Adjustable Back Shoulder Posture Corrector Belt Clavicle Spine Support Reshape Your Body Home Office Sport Upper Back Neck Brace,UGX 52749,UGX 23783,54%,UGX,7.0,UGX 1665,7.0,UGX 1665,13671,85.7%,https://s.click.aliexpress.com/e/_c3skwJEh,,,,,,
1005008240203704,https://ae-pic-a1.aliexpress-media.com/kf/S1fdaf10635cf42ab91e234f4a8e4c31dB.jpg,https://video.aliexpress-media.com/play/u/ae_sg_item/2684307116/p/1/e/6/t/10301/4000253500090.mp4,Portable Car Wash Gun High Pressure Water-Gun Household Car Wash Water Gun Black Diamond Water Gun Watering Pipe Car Wash Nozzle,UGX 10387,UGX 7269,30%,UGX,7.0,UGX 509,7.0,UGX 509,2147,88.6%,https://s.click.aliexpress.com/e/_c3uxljW1,,,,,,
1005005820646138,https://ae-pic-a1.aliexpress-media.com/kf/Sad6db18321334052a894a396bede64c7X.jpg,,Gold Color Vintage Geometry Pearl Earrings Set Metal Twine Square Dangle Earrings Round for Women Simple Trendy Party Jewelry,UGX 36572,UGX 16220,55%,UGX,7.0,UGX 1135,7.0,UGX 1135,6485,91.7%,https://s.click.aliexpress.com/e/_c4aGLyA9,,,,,,
1005007439963109,https://ae-pic-a1.aliexpress-media.com/kf/S2f8b6993000842c0bb5622421859de2bf.jpg,,2024 Smart Watch Android Phone 1.44'' Inch Color Screen Bluetooth Call Blood Oxygen/Pressure Monitoring Smart Watch Women Men,UGX 77216,UGX 36542,52%,UGX,7.0,UGX 2558,7.0,UGX 2558,3450,84.4%,https://s.click.aliexpress.com/e/_c4lA0Qez,,,,,,
1005008384526929,https://ae-pic-a1.aliexpress-media.com/kf/S7e9f2616dd094339ba75090034f7744aa.jpg,,Couple Finger Watch Ring Vintage Punk Elastic Alloy Band Men Women Jewelry Clock Roman Numerals Dial 28Style Mini Quartz Watches,UGX 10204,UGX 5081,50%,UGX,7.0,UGX 356,7.0,UGX 356,380,95.1%,https://s.click.aliexpress.com/e/_c3piy6hb,,,,,,
1005007360517535,https://ae-pic-a1.aliexpress-media.com/kf/S2e4ec28f4c054f778d97a13237ed70eaz.jpg,,2pcs Rechargeable LED Indoor Outdoor Emergency Hookup Portable Lights with Battery Flashing Lights Barbecue Tent Camping Lights,UGX 87670,UGX 41769,52%,UGX,7.0,UGX 2924,7.0,UGX 2924,4671,94.9%,https://s.click.aliexpress.com/e/_c4n9dfwt,,,,,,
1005007728676367,https://ae-pic-a1.aliexpress-media.com/kf/Sf3b3ee4883db4a7da561938d849e39673.jpg,,1080P HD Mini WiFi Camera Indoor Safety Security Surveillance Baby Monitor Night Vision Camcorder IP Cam Audio Video Recorder,UGX 62555,UGX 26711,57%,UGX,7.0,UGX 1870,7.0,UGX 1870,8259,78.5%,https://s.click.aliexpress.com/e/_c3wDZ3HR,,,,,,
1005007156281263,https://ae-pic-a1.aliexpress-media.com/kf/S565b9067baf4485c8b4aad66c8812f2ax.jpg,,"2025 2000X25 HD Monocular Telescope, Compact Portable for Travel, Hiking, Fishing, Camping, Stargazing, Concerts & Bird Watching",UGX 55634,UGX 4090,92%,UGX,7.0,UGX 286,7.0,UGX 286,66485,81.2%,https://s.click.aliexpress.com/e/_c3zNQWbr,,,,,,
1005011754038715,https://ae-pic-a1.aliexpress-media.com/kf/Se2f5202d158544a381287c82b1e06474u.jpg,,Ultra-light Fashion Portable Foldable Photochromic Reading Glasses Anti-blue Light Radiation-resistant UV-resistant Eyeglasses,UGX 22168,UGX 13450,39%,UGX,15.0,UGX 2018,7.0,UGX 942,14,100.0%,https://s.click.aliexpress.com/e/_c3BzJVY9,,,,,,
1005006912741306,https://ae-pic-a1.aliexpress-media.com/kf/S5eb1949541de42e7b2f38bf5bd1fbb57T.jpg,,New Luxury Sensitive Color Changing Anti Blue Light Myopic Glasses Women Large Frame Near Sight Eyewear Photochromic Eyeglasses,UGX 32623,UGX 30557,6%,UGX,18.0,UGX 5500,18.0,UGX 5500,23,100.0%,https://s.click.aliexpress.com/e/_c4tAxIVj,,,,,,
1005007547820639,https://ae-pic-a1.aliexpress-media.com/kf/Sebdbbdb1b7324aadb996aeb05abe47cai.jpg,,Foldable Travel Duffel Bag for Airlines Carry on Bag for Women and Girls Lightweight Large Capacity Sports Weekend Trip Overnigh,UGX 60476,UGX 28172,53%,UGX,7.0,UGX 1972,7.0,UGX 1972,41037,87.4%,https://s.click.aliexpress.com/e/_c39kpiOd,,,,,,
1005009753118830,https://ae-pic-a1.aliexpress-media.com/kf/Sf9be5d9eb0ee4e83b7bed622b1ab048ci.png,,5 Ports USB C PD Charger Quick Charge 3.0 Type C USB Phone Chargers Fast Charging Adapter For iPhone 16 15 Samsung Xiaomi Huawei,UGX 58324,UGX 23599,59%,UGX,9.0,UGX 2124,9.0,UGX 2124,48860,81.1%,https://s.click.aliexpress.com/e/_c2zKaaAl,,,,,,
1005007244519033,https://ae-pic-a1.aliexpress-media.com/kf/S79f80fc8cd6944bf86c02d91dcbe6cc2Q.jpg,,4-Port Multi-Splitter Type C Hub USB Adapter OTG for Xiaomi Lenovo MacBook 13 15 Air pro PC - Computer Accessories,UGX 38724,UGX 16911,56%,UGX,3.0,UGX 507,3.0,UGX 507,35300,94.1%,https://s.click.aliexpress.com/e/_c34lF7j7,,,,,,
1005008712637794,https://ae-pic-a1.aliexpress-media.com/kf/S00111ed89bd44bd7bc0378a4af2b64f1Z.jpg,,"3Pairs Fashion Sun Ice Silk Sleeves Unisex Summer Sun Protection Arm Sleeves Suitable for Outdoor Riding, Driving, Fishing",UGX 44862,UGX 4090,90%,UGX,18.0,UGX 736,18.0,UGX 736,31942,87.1%,https://s.click.aliexpress.com/e/_c3cHbWmH,,,,,,
1005008309554437,https://ae-pic-a1.aliexpress-media.com/kf/S059bfd80a56c4a159153b72cafdaf6d5Y.jpg,,"3/4 Pack New Designer Box Polarized Colorful Sunglasses for Men and Women Suitable for Driving, Fishing, Outdoor Sports UV400",UGX 90898,UGX 41567,54%,UGX,18.0,UGX 7482,18.0,UGX 7482,3564,93.2%,https://s.click.aliexpress.com/e/_c4sAdJoH,,,,,,
1005006102569201,https://ae-pic-a1.aliexpress-media.com/kf/Sd186cfb6004f4157bf98fd2b491f01e4a.jpg,https://video.aliexpress-media.com/play/u/ae_sg_item/2671225254/p/1/e/6/t/10301/1100186721813.mp4,Led Strip Lights with 44 Key Remote Control 1m 5m 10m 20m RGB Tape Led Wall Room for Home Bedroom Party Decor TV Backlight,UGX 53128,UGX 4090,92%,UGX,7.0,UGX 286,7.0,UGX 286,33331,88.4%,https://s.click.aliexpress.com/e/_c306aH0d,,,,,,
1005007470098695,https://ae-pic-a1.aliexpress-media.com/kf/S173d0f13b83a488eb7bc15847bcc1858s.jpg,,3PCS/Set Men Business Watches Casual Leather Band Analog Male's Quartz Watch Necklace Bracelet Set,UGX 52492,UGX 4090,92%,UGX,18.0,UGX 736,18.0,UGX 736,13706,86.0%,https://s.click.aliexpress.com/e/_c4VVz0HF,,,,,,
1005008074758536,https://ae-pic-a1.aliexpress-media.com/kf/S97c46821855a49c69cd41e51b8cd86b8i.jpg,,Medical IR Fever Thermometer Digital Ear Thermometer Child Adult Non-contact Body Temperature or Mini Oximeter Blood Oxygen Tool,UGX 49411,UGX 13744,72%,UGX,7.0,UGX 962,7.0,UGX 962,19981,90.1%,https://s.click.aliexpress.com/e/_c43oqNwv,,,,,,
1005003809494229,https://ae-pic-a1.aliexpress-media.com/kf/Se757cd7d51434918a6326923f40317e0o.jpg,https://video.aliexpress-media.com/play/u/ae_sg_item/221097294/p/1/e/6/t/10301/1100084536662.mp4,eManco Women Trend Classic Snake Chain Bracelet Gold Color Width 2/3/4/5MM Stainless Steel Chain Bracelet For Women Jewelry Gift,UGX 18838,UGX 16772,10%,UGX,7.0,UGX 1174,7.0,UGX 1174,663,95.2%,https://s.click.aliexpress.com/e/_c4biA0SN,,,,,,
1005006513438586,https://ae-pic-a1.aliexpress-media.com/kf/Sc8305be723384b4b817e86f2dd0c02d1x.jpg,https://video.aliexpress-media.com/play/u/ae_sg_item/2677248193/p/1/e/6/t/10301/1100209224229.mp4,4pcs Boxer Shorts Men's Ice Silk Underwear Male Underpants Breathable Sexy Thin Panties U Convex Lingerie Wholesale Lots L-6XL,UGX 108212,UGX 52040,51%,UGX,7.0,UGX 3643,7.0,UGX 3643,8167,94.2%,https://s.click.aliexpress.com/e/_c3o5WmBP,,,,,,
1005006591624507,https://ae-pic-a1.aliexpress-media.com/kf/S4521c46dd4c34b01a3bff915fea74903g.jpg,,2.5 inch HDD Case SATA to USB3.0 Hard Drive Enclosure 5 Gbps 4TB SSD Box Sata to USB 3.0 Hard Disk Case Optibay Caddy 2.5 Sata,UGX 59339,UGX 27603,53%,UGX,7.0,UGX 1932,7.0,UGX 1932,10058,93.7%,https://s.click.aliexpress.com/e/_c3mLnV4d,,,,,,
1005007593000399,https://ae-pic-a1.aliexpress-media.com/kf/Sd8475e6118f5460d82c194b45f145526C.jpg,,"Tactical Waist Belt - Durable Automatic Buckle, Perfect for Outdoor Adventures, Unisex Accessories for Men and Women",UGX 55793,UGX 25274,54%,UGX,18.0,UGX 4549,18.0,UGX 4549,12779,89.5%,https://s.click.aliexpress.com/e/_c3JCiLXx,,,,,,
1005007709713617,https://ae-pic-a1.aliexpress-media.com/kf/Sc47d81ef296d42f9845732020daae3440.jpg,,Wireless USB Rechargeable Motion Sensor LED Bar Light Induction Night Light Portable Cordless Magnetic Cabinet Lamp for Kitchen,UGX 44874,UGX 4090,90%,UGX,7.0,UGX 286,7.0,UGX 286,66866,87.9%,https://s.click.aliexpress.com/e/_c3bZ2dL7,,,,,,
1005007995624005,https://ae-pic-a1.aliexpress-media.com/kf/S69cbfde3aa894ce480006c8e47b28793q.png,,New Luxury Belt for Men PU Leather Belt Metal Pin Buckle High Quality Famous Brand Designer Waist Strap Belt for Jeans Plus Size,UGX 65979,UGX 30263,54%,UGX,18.0,UGX 5447,18.0,UGX 5447,19547,88.1%,https://s.click.aliexpress.com/e/_c3HGp4pT,,,,,,
1005005423954842,https://ae-pic-a1.aliexpress-media.com/kf/Sbaf40bce26e4400a979efb789229519fm.jpg,,250ML USB Mini Air Humidifier Aroma Essential Oil Diffuser For Home Car Ultrasonic Mute Mist Maker Diffuser with LED Color Lamp,UGX 59914,UGX 4090,93%,UGX,7.0,UGX 286,7.0,UGX 286,36501,89.1%,https://s.click.aliexpress.com/e/_c3Tq0fJL,,,,,,
1005009015651087,https://ae-pic-a1.aliexpress-media.com/kf/S0f0b8550d65f46f4acde8b7605a668956.jpg,,24Pcs Short Oval Head Blush Pink Press on Nails with Simple Designs Almond Nails Wearable Acrylic Full Cover Nail Tips with Glue,UGX 22767,UGX 4090,82%,UGX,7.0,UGX 286,7.0,UGX 286,3168,91.3%,https://s.click.aliexpress.com/e/_c452mGuv,,,,,,
1005007456970647,https://ae-pic-a1.aliexpress-media.com/kf/S51bd2c88625b4895842a7b80511e5586V.jpg,,Professional 7/10/12/18 Piece Nail Care Kit Stainless Steel Manicure & Pedicure Set Nail Clipper Set with Travel Case,UGX 57420,UGX 26644,53%,UGX,7.0,UGX 1865,7.0,UGX 1865,20503,90.2%,https://s.click.aliexpress.com/e/_c4Bt4j7T,,,,,,
1005010154575528,https://ae-pic-a1.aliexpress-media.com/kf/Sd2847b866ca94910b34f6b26c7e597a5E.jpg,,"iLMH High Temperature Wire Harness Cloth Tape Automotive Cable Loom Heatproof Fabric Adhesive Tape, Engine Electrical Insulation",UGX 34542,UGX 4090,88%,UGX,7.0,UGX 286,7.0,UGX 286,115643,94.8%,https://s.click.aliexpress.com/e/_c3uFEAFX,,,,,,
1005008253095559,https://ae-pic-a1.aliexpress-media.com/kf/Hdeef93813ec14c77a2d1613efec43f387.png,https://video.aliexpress-media.com/play/u/ae_sg_item/3879427039/p/1/e/6/t/10301/334528909744.mp4,KZ EDX Pro Earphones Dynamic In Ear Monitor HiFi Wired Headphones Bass Stereo Game Music Earplugs Noice Cancelling Headset,UGX 45318,UGX 43252,4%,UGX,8.0,UGX 3460,7.0,UGX 3028,21122,95.1%,https://s.click.aliexpress.com/e/_c3oWVs6V,,,,,,
1005007493448525,https://ae-pic-a1.aliexpress-media.com/kf/S0d03e55d0b5644d49e5ed6bca8901c40i.jpg,,Photochromic Anti Radiation Blue Light Eyeglasses Square Metal Frame Computer Glasses for Women Men Replaceable Lens,UGX 41683,UGX 18775,54%,UGX,18.0,UGX 3380,18.0,UGX 3380,4412,80.1%,https://s.click.aliexpress.com/e/_c40Exxq1,,,,,,
1005007183993687,https://ae-pic-a1.aliexpress-media.com/kf/Sd7f3626e01b44267b0b26eb6be379524M.jpg,,NAVIFORCE NF7104  Men's LCD Digital Casual Date and Week Alarm Waterproof Silicone Strap Electronic Watch,UGX 121503,UGX 57469,52%,UGX,18.0,UGX 10344,18.0,UGX 10344,409,96.3%,https://s.click.aliexpress.com/e/_c3gZOfAZ,,,,,,
1005006035357400,https://ae-pic-a1.aliexpress-media.com/kf/S4c3c73827fa748dc81d7096bae07f136K.jpg,,Men's Quick Dry Short Sleeve Gym Running Moisture Wicking Round Neck T-Shirt Training Exercise Gym Sport Shirt Tops Lightweight,UGX 74660,UGX 4090,94%,UGX,7.0,UGX 286,7.0,UGX 286,38817,92.6%,https://s.click.aliexpress.com/e/_c4obQ2xr,,,,,,
1005005496123516,https://ae-pic-a1.aliexpress-media.com/kf/Hdc6130464edc4978b81de0673a4dc6f8d.jpg,,NORTHWOOD High Quality Solid Baseball Caps for Men Outdoor Cotton Cap Bone Gorras CasquetteHomme Men Trucker Hats,UGX 79221,UGX 37545,52%,UGX,7.0,UGX 2628,7.0,UGX 2628,3924,95.9%,https://s.click.aliexpress.com/e/_c3C7Iw57,,,,,,
1005008051113987,https://ae-pic-a1.aliexpress-media.com/kf/Sb5298a056cc040f9b090cb31db6928dbi.jpg,,Traceless Invisible Elastic Belt Women's Belt Jeans Pants Men's Elastic Belt,UGX 38810,UGX 4090,89%,UGX,18.0,UGX 736,18.0,UGX 736,52343,91.8%,https://s.click.aliexpress.com/e/_c4Ss5XdR,,,,,,
1005006847202047,https://ae-pic-a1.aliexpress-media.com/kf/S85c201f9611c44b4893f4d7dc0ecd940r.jpg,,New Leather Cowhide Men's Belt Fashion Metal Alloy Pin Buckle Adult Luxury Brand Jeans Business Casual Waist Male Strap Brand,UGX 88074,UGX 41971,52%,UGX,18.0,UGX 7555,18.0,UGX 7555,18835,91.5%,https://s.click.aliexpress.com/e/_c2znk7Lb,,,,,,
1005011549817745,https://ae-pic-a1.aliexpress-media.com/kf/S71e7680b6d7e42d7978b1026297a2e21u.jpg,,New Round Frame Photochromic Myopia Glasses Retro High-definition Color-changing Myopia Glasses Men and Women Fashion Glasses,UGX 22168,UGX 13450,39%,UGX,10.0,UGX 1345,7.0,UGX 942,38,82.9%,https://s.click.aliexpress.com/e/_c4eFVW6N,,,,,,
1005007879054168,https://ae-pic-a1.aliexpress-media.com/kf/Se481309d2d92424b9f0a79bc6e7326d11.jpg,,Women's Pajamas Set Sleepwear 2 PCS Short Tank Tops And Shorts S M L White Ventilate Soft Casual Love Printing,UGX 75284,UGX 4090,94%,UGX,7.0,UGX 286,7.0,UGX 286,32292,92.0%,https://s.click.aliexpress.com/e/_c4a9AU41,,,,,,
1005007527811142,https://ae-pic-a1.aliexpress-media.com/kf/S110db4df6d3a4cd6892ede566abdbcbd0.jpg,,180ML Mini Air Humidifier USB Electric Aroma Diffuser Essential Oil Purifier Aromatherapy Mist Maker Lights For Car Home Bedroom,UGX 76971,UGX 35443,53%,UGX,7.0,UGX 2481,7.0,UGX 2481,61653,89.4%,https://s.click.aliexpress.com/e/_c3JRXBYd,,,,,,
1005007460969536,https://ae-pic-a1.aliexpress-media.com/kf/S984257adf37841b5be2702e096296a02d.jpg,,Men Formal Shirt Long Sleeve Office Solid Color Striped Anti-Wrinkle Non-ironing Fashion Business Pocket White Social Shirt 4XL,UGX 125073,UGX 59217,52%,UGX,9.0,UGX 5330,9.0,UGX 5330,113,87.0%,https://s.click.aliexpress.com/e/_c3LvY7hf,,,,,,
1005007140743658,https://ae-pic-a1.aliexpress-media.com/kf/Scf4023f868304166aba763c7f28a15463.jpg,,Original QKZ AK6 In Ear Earphone 6 Dynamic Driver Unit Headphone With Mic Stereo Sports HIFI Subwoofer Headset Monitor Earbuds,UGX 57285,UGX 25433,55%,UGX,7.0,UGX 1780,7.0,UGX 1780,23798,88.2%,https://s.click.aliexpress.com/e/_c3f5ZvWZ,,,,,,
1005009228004342,https://ae-pic-a1.aliexpress-media.com/kf/Sbd3cfcb30e8c46fd9f3e38c2f4038705S.jpg,,2PCS Men's Quartz Watch Set Fashion Trend Digital Scale Dial Quartz Watch Bracelet Jewelry Set Suitable for Festival Gifts,UGX 40443,UGX 38377,5%,UGX,18.0,UGX 6908,18.0,UGX 6908,419,87.0%,https://s.click.aliexpress.com/e/_c3ohK9zf,,,,,,
1005008652697677,https://ae-pic-a1.aliexpress-media.com/kf/S966d3eff1731469c8857d2a206840b2fI.jpg,,Magpie Branch Bird Peach Blossom Pink Flowers Petal Charming Blue Butterfly 5D Nail Art Sticker Soft Adhesive Manicure Decal DIY,UGX 37538,UGX 15199,59%,UGX,7.0,UGX 1064,7.0,UGX 1064,48,100.0%,https://s.click.aliexpress.com/e/_c2ItOF4d,,,,,,
1005008362554495,https://ae-pic-a1.aliexpress-media.com/kf/S8d71c1a5326b43ceb4d9b1eedb796002S.jpg,,for DDPAI Dash Cam z60 / Z60 PRO / Z60T Mount for DDPAI z60 Static Sticker Sticker,UGX 80101,UGX 71838,10%,UGX,7.0,UGX 5029,7.0,UGX 5029,67,83.8%,https://s.click.aliexpress.com/e/_c3slWGXB,,,,,,
1005008894590757,https://ae-pic-a1.aliexpress-media.com/kf/Se276f6cb0b1c4c208f09d47dda7cfb76V.jpg,,"DDPAI Dash Cam Z50 Pro 4K UHD 3""IPS Display Built-in GPS ADAS Dual-channel Car DVR Wi-Fi 24H Parking Monitor Dash Car Camera",UGX 784298,UGX 350870,55%,UGX,7.0,UGX 24561,7.0,UGX 24561,1584,96.0%,https://s.click.aliexpress.com/e/_c2yomkEz,,,,,,
1005011788628901,https://ae-pic-a1.aliexpress-media.com/kf/S549d7d762af74b1b96f46e7f8de60a5eX.jpg,,Candy Color Magnetic Phone Case for Samsung Galaxy A17 A16 A15 A26 A36 A56 A25 A35 A55 A54 5G A07 A06 A05 A05S Matte 2 IN1 Cover,UGX 30330,UGX 28264,6%,UGX,7.0,UGX 1978,7.0,UGX 1978,263,96.5%,https://s.click.aliexpress.com/e/_c3JH1vwp,,,,,,
1005007443790245,https://ae-pic-a1.aliexpress-media.com/kf/Sbaf855b54c3348c2bb699dec094669a7r.jpg,,New Porous Pin Buckle Canvas Belt Men's Fashion Versatile Belt Student Youth Military Training Extended Denim Designer Belt,UGX 43706,UGX 43706,0%,UGX,7.0,UGX 3059,7.0,UGX 3059,85,95.8%,https://s.click.aliexpress.com/e/_c3bUSrnL,,,,,,
1005007627634086,https://ae-pic-a1.aliexpress-media.com/kf/Sb5ea9b9eb6cd4ed38d6b85438320338aH.jpg,,Original SanDisk High Endurance Micro SD Card MicroSDHC 32GB V30 C10 MicroSDXC 64GB 128GB 256GB Memory Card For Dash Camera,UGX 130293,UGX 121535,6%,UGX,3.0,UGX 3646,3.0,UGX 3646,751,97.8%,https://s.click.aliexpress.com/e/_c2QmeQSd,,,,,,
1005009918638131,https://ae-pic-a1.aliexpress-media.com/kf/Se140b44b69a54542b2c1214515ac358bB.jpg,,46Pcs Family Tools 1/4 Set Mechanic Tool Kits for Auto Repair Hous with Sockets Metric Hex Bit Socket Set inch Ratchet Wrench,UGX 64585,UGX 28289,56%,UGX,7.0,UGX 1980,7.0,UGX 1980,55363,90.1%,https://s.click.aliexpress.com/e/_c2xbEwWl,,,,,,
1005006191895692,https://ae-pic-a1.aliexpress-media.com/kf/S37c905660ee04ee0a2d86f392175a130O.jpg,https://video.aliexpress-media.com/play/u/ae_sg_item/250605931/p/1/e/6/t/10301/1100112030135.mp4,Creative Gear Head Keychain Speed Gearbox Keyring for Car Key Turbo Hub Brake Disc Pendant Shock Absorber Keys Holder Chain Ring,UGX 17846,UGX 15615,12%,UGX,7.0,UGX 1093,7.0,UGX 1093,2233,95.0%,https://s.click.aliexpress.com/e/_c2wNmvod,,,,,,
1005007381710176,https://ae-pic-a1.aliexpress-media.com/kf/S18df6a64a33d4ed0b452d319b195e3d4H.jpg,,For Bulgari  Rubber Watch Strap with Convex Interface Men's and Women's Soft Comfortable Watchband Accessories 22x8mm 24x8mm,UGX 56075,UGX 52267,6%,UGX,18.0,UGX 9408,18.0,UGX 9408,9,100.0%,https://s.click.aliexpress.com/e/_c30FU7xT,,,,,,
1005011611065099,https://ae-pic-a1.aliexpress-media.com/kf/S441bba923c6c473bbb7ac3f7464493fcD.jpg,,Battery Converter Adapter Convert for Parkside X20V Li-Ion Battery to for Makita 18V Lithium Battery Power Tools Drills,UGX 94542,UGX 41871,55%,UGX,7.0,UGX 2931,7.0,UGX 2931,1800,97.4%,https://s.click.aliexpress.com/e/_c2wYAlRT,,,,,,
1005005046914496,https://ae-pic-a1.aliexpress-media.com/kf/S7b7cb80f41f54e198e1428c4abfbe36cR.jpg,,DDPAI Mola N3 Pro Dash Camera Driving Vehicle Cam Wifi Smart Connect Car Recorder 2.5K Car DVR Dash Camera,UGX 695100,UGX 324630,53%,UGX,7.0,UGX 22724,7.0,UGX 22724,1481,95.1%,https://s.click.aliexpress.com/e/_c3zxgiDT,,,,,,
1005010738644871,https://ae-pic-a1.aliexpress-media.com/kf/S37de1a1d23b54041aced67a68df1283eP.jpg,,DDPAI MINI Pro 2K Dash Cam WiFi Car DVR Night Vision Smart Voice Control Support 24H Parking Monitor Car Dash Camera Recorder,UGX 328720,UGX 155722,52%,UGX,7.0,UGX 10901,7.0,UGX 10901,1555,96.8%,https://s.click.aliexpress.com/e/_c4ajfR2t,,,,,,
1005008634084656,https://ae-pic-a1.aliexpress-media.com/kf/Sc8f4a9e342d0433baf50654d18426777F.jpg,,2Pcs Car Side Window Sun Shade Magnet Privacy Curtains UV Reflection Anti Glare UV Block Sunshade for Front/Back Window,UGX 64719,UGX 30293,53%,UGX,7.0,UGX 2121,7.0,UGX 2121,1694,89.1%,https://s.click.aliexpress.com/e/_c3JJTi3n,,,,,,
1005006291767331,https://ae-pic-a1.aliexpress-media.com/kf/S5d9db6cf4c1440c495fd40bdf72f87c9e.jpg,,DDPAI Dash Cam  N1 Dual Front & Rear Recording NightVIS 1296P Dash Cam Recorder Car DVR   App Control,UGX 516043,UGX 245636,52%,UGX,7.0,UGX 17195,7.0,UGX 17195,2877,96.8%,https://s.click.aliexpress.com/e/_c4TU8vkN,,,,,,
1005008963597414,https://ae-pic-a1.aliexpress-media.com/kf/Sfd0b7f73776743c9a7b0379f49c334358.jpg,https://video.aliexpress-media.com/play/u/ae_sg_item/240079202/p/1/e/6/t/10301/4000193752079.mp4,3Pcs 300CC Big Curve Screen Protector For iPhone 15 14 13 12 11 16 Pro Max ESD Anti-Static Tempered Glass For iPhone 17 XR X XS,UGX 34866,UGX 32304,7%,UGX,8.0,UGX 2584,7.0,UGX 2261,164,95.4%,https://s.click.aliexpress.com/e/_c3tMelnT,,,,,,
1005006049677353,https://ae-pic-a1.aliexpress-media.com/kf/S6d9cda052442401c8286104e68f9e7a0U.jpg,,Sofirn Q8 Plus Super Powerful LED Flashlight 16000lm USB C Rechargeable 21700 Anduril 2.0 Torch  XHP50B Reverse Charging,UGX 572619,UGX 530203,7%,UGX,7.0,UGX 37114,7.0,UGX 37114,61,95.1%,https://s.click.aliexpress.com/e/_c4VSV9TT,,,,,,
1005007271637073,https://ae-pic-a1.aliexpress-media.com/kf/H2ef3b7a9d76e49928082a4af9803ae25s.jpg,,"5 inch Video Baby Monitor with Two Camera and Audio, Night Vision, 4X Zoom, 1000ft Range 2-Way Audio Temperature Sensor Lullaby",UGX 1091523,UGX 500032,54%,UGX,7.0,UGX 35002,7.0,UGX 35002,2119,96.4%,https://s.click.aliexpress.com/e/_c4lq3py5,,,,,,
1005006233134393,https://ae-pic-a1.aliexpress-media.com/kf/S3bb152dc6d5144b4abfa8b531c9e16c3q.jpg,https://video.aliexpress-media.com/play/u/ae_sg_item/248069157/p/1/e/6/t/10301/4000071040877.mp4,835 Car Push Retainer Black Nylon Fastener Clips in Plastic Box for GM Ford Lexus Honda Chrysler Mazda Nissan Jeep Ford,UGX 42550,UGX 38832,8%,UGX,10.0,UGX 3883,9.0,UGX 3495,1883,94.9%,https://s.click.aliexpress.com/e/_c3c8oD2Z,,,,,,
1005007705467517,https://ae-pic-a1.aliexpress-media.com/kf/Sc9ef832c7ab141b68c7c0ac1fffa2928C.jpg,,"Office Rubber Chair Casters Replacement, 3 Inch Heavy-Duty Computer Gaming Desk Caster Wheels Smooth & Safe Rolling For",UGX 99567,UGX 47717,52%,UGX,7.0,UGX 3340,7.0,UGX 3340,136,91.2%,https://s.click.aliexpress.com/e/_c2yrZAk1,,,,,,
1005010620186549,https://ae-pic-a1.aliexpress-media.com/kf/S39cfc61063d04629a957b7b4bd147b2cm.jpg,,S-Skolim krol latino  Pillow Case Decor Protective Covers Comfortable soft for Sofa Living Room Home office,UGX 29028,UGX 28331,2%,UGX,7.0,UGX 1983,7.0,UGX 1983,15,100.0%,https://s.click.aliexpress.com/e/_c4CEgDjF,,,,,,
1005008077610176,https://ae-pic-a1.aliexpress-media.com/kf/S578d32addf674093bc67df009f17fd24X.png,,Original T75 TWS Touch Control Wireless Headphones Bluetooth Earphones Sport Earbuds Music Headset For Iphone Xiaomi phones,UGX 56576,UGX 26222,53%,UGX,7.0,UGX 1836,7.0,UGX 1836,7454,80.8%,https://s.click.aliexpress.com/e/_c34fGKLB,,,,,,
1005006428188946,https://ae-pic-a1.aliexpress-media.com/kf/S1cb6bffaee334623baa598cfd9dc6622w.jpg,,5/50PCS Melamine Sponge Magic Sponge Eraser Melamine Sponge Cleaner Cleaning Sponges for Kitchen Bathroom Cleaning Tools,UGX 29896,UGX 12882,56%,UGX,7.0,UGX 902,7.0,UGX 902,23111,94.9%,https://s.click.aliexpress.com/e/_c3rMF0PP,,,,,,
1005007047638944,https://ae-pic-a1.aliexpress-media.com/kf/Sc510dc7e05e24dcf96a348659a15ddd6h.jpg,,4Pcs Full Cover Hydrogel Film For Samsung A55 A54 A15 A34 A14 A13 A53 A52 A12 A33 A23 A32 A73 A03 A50 A70 A21S Screen Protector,UGX 18466,UGX 16111,12%,UGX,8.0,UGX 1289,7.0,UGX 1128,4038,89.3%,https://s.click.aliexpress.com/e/_c3lmiBcV,,,,,,
1005009911595381,https://ae-pic-a1.aliexpress-media.com/kf/S37aa67f20ab24638a62b9abca34349b6f.jpg,,"KAWA Dash cam Video Recorder D6 3K Car Camera, Car DVR Voice Control Dash AUTO Camera,Night Vision Dashcam 2025 New",UGX 475937,UGX 207346,56%,UGX,7.0,UGX 14514,7.0,UGX 14514,116,97.7%,https://s.click.aliexpress.com/e/_c3ukMMxn,,,,,,
1005008607285049,https://ae-pic-a1.aliexpress-media.com/kf/S818f4eae78fd4d73b439cd1e82698f257.jpg,,Fashion Oval Hair Claw Clip for Women New Design Leopard Matte Curved Flat Styling Barrettes Acrylic Lying Down Hair Accessories,UGX 35264,UGX 15566,55%,UGX,18.0,UGX 2802,18.0,UGX 2802,5543,96.4%,https://s.click.aliexpress.com/e/_c3FmxWNT,,,,,,
1005009024345001,https://ae-pic-a1.aliexpress-media.com/kf/S230b593d769041fa99988bc29a267869S.jpg,,Fashionable Photochromic Myopia Glasses for Men Women Vintage Outdoor Anti-UV Glasses Trendy Square Minus Diopter Eyeglasses,UGX 33888,UGX 31822,6%,UGX,18.0,UGX 5728,18.0,UGX 5728,154,97.6%,https://s.click.aliexpress.com/e/_c39zdb05,,,,,,
1005007244139650,https://ae-pic-a1.aliexpress-media.com/kf/See1847f1343c4b27afb678e3b2fd6664A.jpg,,8 in 2 USB +Type C HUB Docking Station with 3.5mm Audio Jack Adapter for Micro SD Card Reader Laptop Tablet Phone Disk Converter,UGX 67153,UGX 4090,93%,UGX,3.0,UGX 123,3.0,UGX 123,48328,94.4%,https://s.click.aliexpress.com/e/_c3aWvgJR,,,,,,
1005010575802132,https://ae-pic-a1.aliexpress-media.com/kf/S6ba671f89e6d4391814049bd522aa0533.png,,Wurkkos CL01 550 Lumens Rechargeable LED Ultra-Long-Life Camping Ambient Light Magnetic Waterproof Hiking Fishing Outdoor,UGX 318645,UGX 141325,55%,UGX,7.0,UGX 9893,7.0,UGX 9893,339,98.5%,https://s.click.aliexpress.com/e/_c3XVGQ9x,,,,,,
1005009352585905,https://ae-pic-a1.aliexpress-media.com/kf/Sa052d099b5944547b785ddf69846c43ev.jpg,,Neutral Classic Retro High-definition Anti-blue Light Myopia Glasses Men's Fashion Square Full Frame Photochromic Myopia Glasses,UGX 34989,UGX 32923,5%,UGX,8.0,UGX 2634,7.0,UGX 2305,274,94.5%,https://s.click.aliexpress.com/e/_c2QSR1Tb,,,,,,
1005011996292300,https://ae-pic-a1.aliexpress-media.com/kf/S075992ff7f0a419a8d12df9d722f821bM.jpg,,NEW Aluminum Alloy Flashlight Handle With 1/4 UNC Screws For Convoy 3X21B 3X21C 3X21D 3X21E Flashlight Accessories,UGX 103211,UGX 49539,52%,UGX,7.0,UGX 3468,7.0,UGX 3468,4,,https://s.click.aliexpress.com/e/_c40FXuiH,,,,,,
1005006000861934,https://ae-pic-a1.aliexpress-media.com/kf/S11037aabe67f436aa76a0f125d57c3df2.jpg,,2P DC 1000V MCB Solar Mini Circuit Breaker Overload Protection Switch 6A 10A 16A 20A 25A 32A 40A 50A 63A DC1000V Photovoltaic PV,UGX 51783,UGX 49717,3%,UGX,7.0,UGX 3480,7.0,UGX 3480,1878,97.9%,https://s.click.aliexpress.com/e/_c4oIDMup,,,,,,
1005006064851234,https://ae-pic-a1.aliexpress-media.com/kf/S73a09661bf4c425ba9104cb944138c41Z.jpg,,8K HDMI 2.1 Fiber Optic Cable 8K60Hz 4K120Hz HDMI Cable Dynamic HDR/eARC/HDCP 2.3 Compatible with LG Samsung Sony TV/PS5/Blu-ray,UGX 91937,UGX 83268,9%,UGX,8.0,UGX 6661,7.0,UGX 5829,1176,95.7%,https://s.click.aliexpress.com/e/_c4K9wrHJ,,,,,,
1005007355555130,https://ae-pic-a1.aliexpress-media.com/kf/S090fca6d429c45f0ad375819b82e03d0z.jpg,https://video.aliexpress-media.com/play/u/ae_sg_item/2674440058/p/1/e/6/t/10301/4000181562722.mp4,Clear Glass Film For iPhone 17 16 15 Pro Max Screen Protector For iPhone 11 12 13 14 15 Pro Tempered Glass iPhone13 Mini 16 Plus,UGX 28826,UGX 4090,85%,UGX,5.0,UGX 204,7.0,UGX 286,71196,93.4%,https://s.click.aliexpress.com/e/_c3kaLmzb,,,,,,
1005007346893883,https://ae-pic-a1.aliexpress-media.com/kf/Sa792e10eb5734431a7d21a907f58bc990.jpg,,160W High Power UV Flashlight Blacklight Cat Dog Urine Stain Tinea Ore Money Scorpion Marker Powerful Rechargeable UV Torch lamp,UGX 420278,UGX 191260,54%,UGX,7.0,UGX 13388,7.0,UGX 13388,143,91.7%,https://s.click.aliexpress.com/e/_c3sLfhcH,,,,,,
1005011861408685,https://ae-pic-a1.aliexpress-media.com/kf/S38dbb9c21f5247ddae73a5e6452e03e3D.jpg,,ACCEO 4K Car Dash Cam with WiFi Support Rearview 1080P Dual Lens and GPS Night Vision 24H Parking Monitor Car Black Box Mini DVR,UGX 354837,UGX 156130,56%,UGX,7.0,UGX 10929,7.0,UGX 10929,2,,https://s.click.aliexpress.com/e/_c3wOTGIz,,,,,,
1005007639873549,https://ae-pic-a1.aliexpress-media.com/kf/S2df8fde842234a05b979f017f948b39eP.jpg,,Ladies High-end Short Sight Glasses Fashion Diamond Photochromic Myopia Glasses Large Frame and Colorful Color Changing Eyewear,UGX 33048,UGX 30982,6%,UGX,18.0,UGX 5577,18.0,UGX 5577,31,100.0%,https://s.click.aliexpress.com/e/_c2vCcElL,,,,,,
1005005078540515,https://ae-pic-a1.aliexpress-media.com/kf/S0ba23eb9117a4a9c935dd6dcc8e65a3dp.jpg,https://video.aliexpress-media.com/play/u/ae_sg_item/239717786/p/1/e/6/t/10301/1100054135428.mp4,3D Sleeping Mask Block Out Light Sleep Mask For Eyes Soft Sleeping Aid Eye Mask for Travel Eyeshade Night Breathable Slaapmasker,UGX 65208,UGX 28581,56%,UGX,7.0,UGX 2001,7.0,UGX 2001,1096,97.7%,https://s.click.aliexpress.com/e/_c3vka90V,,,,,,
1005005727406479,https://ae-pic-a1.aliexpress-media.com/kf/Sdc5047b5724541f6b5608da20cadd7f2i.jpg,,10PCs Waterproof Cable Gland Black Plastic Seal Joint Nylon M8 M10 M12 M16 M20 M25 M32 IP68 White Cable Fixing Nylon Connector,UGX 24332,UGX 22223,8%,UGX,8.0,UGX 1778,7.0,UGX 1556,599,98.6%,https://s.click.aliexpress.com/e/_c3RW8f9X,,,,,,
1005010240308530,https://ae-pic-a1.aliexpress-media.com/kf/Se1923ec5847d474d9858456705b6da5ba.jpg,,DDPAI MINI Pro Dash Cam 3K HDR 1620P Car DVR with WiFi Night Vision WDR Voice Control 24H Parking Monitor 143° FOV,UGX 317458,UGX 150311,52%,UGX,7.0,UGX 10522,7.0,UGX 10522,1254,94.2%,https://s.click.aliexpress.com/e/_c3VPmvT7,,,,,,
1005010755184483,https://ae-pic-a1.aliexpress-media.com/kf/S3b80228a35d5420c88a4430a1afcde15j.jpg,,DDPAI Dash Cam Memory Card 64GB 128GB 256GB 512GB Class 10 High Speed for DDPAI Car Camera,UGX 233212,UGX 109875,52%,UGX,7.0,UGX 7691,7.0,UGX 7691,378,97.3%,https://s.click.aliexpress.com/e/_c3lVi8VT,,,,,,
1005006057439969,https://ae-pic-a1.aliexpress-media.com/kf/S6229199da9e04bfd836e7085d54ab548F.jpg,,Sofirn IF30 12000lm SFT40 LED Flashlight Powerful 32650 Battery Lanterna USB C Rechargeable Torch Outdoor Light IPX8 Waterproof,UGX 488550,UGX 486484,1%,UGX,7.0,UGX 34054,7.0,UGX 34054,206,97.1%,https://s.click.aliexpress.com/e/_c3Jt9KbR,,,,,,
1005009157478329,https://ae-pic-a1.aliexpress-media.com/kf/Sf13f0d669b9c4094ababf2d7116a7c47E.jpg,,Smart Watch For Android IOS Watches 1.83inch HD Display Bluetooth Call Message Alert Music Sports Mode Smartwatch Men Women Gift,UGX 84039,UGX 39954,52%,UGX,7.0,UGX 2797,7.0,UGX 2797,4240,87.3%,https://s.click.aliexpress.com/e/_c4rNUYpL,,,,,,
1005006810171008,https://ae-pic-a1.aliexpress-media.com/kf/S388ae14bf5a64b2f9b6b887da1e20845x.jpg,,Men's Bow Tie High-end Luxury Wedding Bowtie Women's Lolita Brooch Anime Shirt Dress Accessories Handmade Jewelry Collar Flowers,UGX 51184,UGX 47548,7%,UGX,18.0,UGX 8559,18.0,UGX 8559,15,96.7%,https://s.click.aliexpress.com/e/_c45L8p3L,,,,,,
1005010182475785,https://ae-pic-a1.aliexpress-media.com/kf/S7a258b41117e4e52a41c2a6cb127c0b3G.jpg,,Dash Cam for cars 4K UHD Recording Front Rear Car Camera HDR Night Vision Recorder Built in Wi-Fi 24H Parking Mode APP Monitor,UGX 158668,UGX 156602,1%,UGX,7.0,UGX 10962,7.0,UGX 10962,765,88.2%,https://s.click.aliexpress.com/e/_c2RvWtZr,,,,,,
1005005517973766,https://ae-pic-a1.aliexpress-media.com/kf/Sa36758059b1d422c885b44bca719d825G.jpg,,10Pcs G4 Led Bulb 2W 3W 5W 9W 10W 12W 15W AC/DC12V/AC220V 3014SMD Silicone Lamp Warm white/White l 360 Degree Angle LED Light,UGX 31231,UGX 31231,0%,UGX,7.0,UGX 2186,7.0,UGX 2186,38,76.0%,https://s.click.aliexpress.com/e/_c3Q7Ilq1,,,,,,
1005008198299844,https://ae-pic-a1.aliexpress-media.com/kf/Sa7afa9474e104cb0bf812aeb57fbab34g.jpg,,Japanese Kitchen Knife Handmade Forged Damascus Steel Custom 8 inch Chef Knife,UGX 290558,UGX 125130,56%,UGX,7.0,UGX 8759,7.0,UGX 8759,1418,95.3%,https://s.click.aliexpress.com/e/_c3z8pwhF,,,,,,
1005009513787761,https://ae-pic-a1.aliexpress-media.com/kf/S89cdeb4405e446ba9673c6aa4afef090R.jpg,,VIOFO A119 V3 2K Car Parking Mode G-Sensor Rota Lens 2560 *1600P DVR Super Night Vision Quad HD Dash Cameras Optional GPS CPL,UGX 725155,UGX 338759,53%,UGX,7.0,UGX 23713,7.0,UGX 23713,576,96.5%,https://s.click.aliexpress.com/e/_c41MDDip,,,,,,
1005005244419690,https://ae-pic-a1.aliexpress-media.com/kf/Sd43f6609222445219d07234b40a75569O.jpg,,1/3/5m Nano Tape Double-Sided Adhesive Tape Traceless Waterproof Tape For Bathroom Kitchen Sink Tap Gel Sticker,UGX 33136,UGX 4090,87%,UGX,7.0,UGX 286,7.0,UGX 286,74496,92.9%,https://s.click.aliexpress.com/e/_c4PE794H,,,,,,
1005008725502697,https://ae-pic-a1.aliexpress-media.com/kf/S0635663f544a45e0b71362499a007d5dw.jpg,,Tuya Smart WiFi Energy Meter with 1/2 CT Clamps for Solar PV System Power Production Consumption Bidirectional Monitoring Meter,UGX 88251,UGX 86185,2%,UGX,7.0,UGX 6033,7.0,UGX 6033,904,89.0%,https://s.click.aliexpress.com/e/_c4WzkEoh,,,,,,
1005009926657110,https://ae-pic-a1.aliexpress-media.com/kf/S6a1f731374b24ccf93bed0b78c5a3cd0t.jpg,,2in1 Wireless CarPlay Dongle Wireless Android Auto Adapter AI Smart Box Car Intelligent Systems For Car With Wired CarPlay,UGX 114191,UGX 8932,92%,UGX,7.0,UGX 625,7.0,UGX 625,64313,90.7%,https://s.click.aliexpress.com/e/_c3Gwe9qh,,,,,,
1005005537666146,https://ae-pic-a1.aliexpress-media.com/kf/S38ce08a65f3543aab49e749870528e8bE.jpg,https://video.aliexpress-media.com/play/u/ae_sg_item/234583332/p/1/e/6/t/10301/1100147906143.mp4,Natural Faceted Gemstones Necklace 2mm Beads Quartz Crystal Tourmaline Lapis Shining Stone Beaded Necklace Choker Jewelry,UGX 20036,UGX 17970,10%,UGX,8.0,UGX 1438,7.0,UGX 1258,170,96.8%,https://s.click.aliexpress.com/e/_c2R9LDLT,,,,,,
1005006018525621,https://ae-pic-a1.aliexpress-media.com/kf/S0c88402d64244e9aaf1f1ea370faa717g.jpg,,SEAMETAL Interior Car Moulding Trim Strips DIY Flexible Anti Scratch Lines 5m Decoration Strip Dashboard Car-styling Accessories,UGX 56796,UGX 26332,53%,UGX,9.0,UGX 2370,9.0,UGX 2370,1509,92.6%,https://s.click.aliexpress.com/e/_c3h176LP,,,,,,
1005010646047879,https://ae-pic-a1.aliexpress-media.com/kf/S46680d3d48da4481aa0ffa083e11275a9.jpg,,"2L Food-grade Stainless Steel Electric Kettle Fast Boiling Hot Water Heater, Multi-purpose Teapot for Coffee, Beverage Daily Use",UGX 75174,UGX 33265,55%,UGX,7.0,UGX 2329,7.0,UGX 2329,3409,90.4%,https://s.click.aliexpress.com/e/_c31ETllX,,,,,,
1005007527102754,https://ae-pic-a1.aliexpress-media.com/kf/Sd7bd21e3e61c4a9aa488dea757eeaa30l.jpg,,UGOURD USB C Thunderbolt 4 40Gbps USB4 Cable USB Type C to C 240W Fast charging Cable Thunderbolt3 for egpu SSD iPad MacBook Air,UGX 56405,UGX 25006,55%,UGX,9.0,UGX 2251,9.0,UGX 2251,5810,96.6%,https://s.click.aliexpress.com/e/_c3SN8dJ3,,,,,,
1005008368200917,https://ae-pic-a1.aliexpress-media.com/kf/S164788e5a2874df8a9151fe5002c4b7bP.jpg,,Luxury For Magsafe Thin PC Matte Frameless Phone Case For Samsung S26 S24 S25 Ultra Edge S23 FE S22 S21 S20 Plus Back Cover,UGX 24724,UGX 22230,10%,UGX,7.0,UGX 1556,7.0,UGX 1556,1116,91.1%,https://s.click.aliexpress.com/e/_c4Nw2yI5,,,,,,
1005010710431806,https://ae-pic-a1.aliexpress-media.com/kf/S71cf95ea4f0047ba95d71575b409b83dV.jpg,,Automotive Maintenance Heavy-Duty Zipper Straps with Needle Buckles Self-Locking Nylon Universal Cable Ties 40 Pieces/20 Sets,UGX 18194,UGX 16128,11%,UGX,9.0,UGX 1452,9.0,UGX 1452,317,93.6%,https://s.click.aliexpress.com/e/_c3yNiUE9,,,,,,
1005007607042224,https://ae-pic-a1.aliexpress-media.com/kf/S991b0731dded43d1a04d6b4678a2033d8.jpg,,USB Rechargeable Mini Flashlight COB+XPE Portable Built-in Battery Zoomable Small Torch 3 Mode Camping Emergency Flashlights,UGX 47161,UGX 21515,54%,UGX,7.0,UGX 1506,7.0,UGX 1506,9821,92.5%,https://s.click.aliexpress.com/e/_c35q3UwV,,,,,,
1005006408462499,https://ae-pic-a1.aliexpress-media.com/kf/Sf924a466ad064d1f8e62c9e33dd28d76o.jpg,,3PCS/LOT Elastic Wide Edge Long Satin Bonnet Sleep Hats Wrap Night Cap Care Women Extra Large For Natural Curly Loose Hair,UGX 50352,UGX 23110,54%,UGX,18.0,UGX 4160,18.0,UGX 4160,31,94.4%,https://s.click.aliexpress.com/e/_c2vgA3g9,,,,,,
1005006838623045,https://ae-pic-a1.aliexpress-media.com/kf/S2b047a188ace47dc9080a9b8f8f68a4fd.jpg,,5PCS NEEBRC 25T M3 Metal RC Servo Horn Arm Aluminum for Futaba Savox Xcore HL HD Power JX SPT Dspower Robot DIY Drone Car Part,UGX 55378,UGX 25067,54%,UGX,7.0,UGX 1755,7.0,UGX 1755,71,98.5%,https://s.click.aliexpress.com/e/_c3hqwx2p,,,,,,
1005009505096213,https://ae-pic-a1.aliexpress-media.com/kf/S61cf7df7de1645adbfb029c1f1a5ceaa7.jpg,,Fashion Arabic Dial Men Quartz Watch Casual Leather Strap Men's Calendar Sports Watches,UGX 51159,UGX 23000,55%,UGX,18.0,UGX 4140,18.0,UGX 4140,738,88.1%,https://s.click.aliexpress.com/e/_c3V8eDnj,,,,,,
1005009936567770,https://ae-pic-a1.aliexpress-media.com/kf/S58468c89bb1345d2b912c1fc8068c0b0N.jpg,,46pc Drive Socket Set 1/4 inch Ratchet Wrench Set Mechanic Tool Kits for Auto Repair Hous with Sockets Metric Hex Bit Socket Set,UGX 66431,UGX 29156,56%,UGX,7.0,UGX 2041,7.0,UGX 2041,4551,90.0%,https://s.click.aliexpress.com/e/_c35dsW01,,,,,,
1005006424256184,https://ae-pic-a1.aliexpress-media.com/kf/S0fe6513e9a0e4519b560cecc99273f00n.jpg,https://video.aliexpress-media.com/play/u/ae_sg_item/2676290184/p/1/e/6/t/10301/1100207067865.mp4,Medical Silent Mesh Nebulizer Handheld Asthma Inhaler Atomizer Children Health Care Mini Portable Nebulizer Humidifier,UGX 88612,UGX 4090,95%,UGX,7.0,UGX 286,7.0,UGX 286,21144,91.7%,https://s.click.aliexpress.com/e/_c4lzKeEd,,,,,,
1005005806125824,https://ae-pic-a1.aliexpress-media.com/kf/Sef9f4d550c10418b8e5805c9bbd47af0g.jpg,,Smartphone Vlogging Kit for iPhone Android with Tripod Mini Microphone Starter Vlog kit for TikTok Live Stream Video YouTube,UGX 139783,UGX 67826,51%,UGX,7.0,UGX 4748,7.0,UGX 4748,231,82.4%,https://s.click.aliexpress.com/e/_c4rsEyWH,,,,,,
1005009652135900,https://ae-pic-a1.aliexpress-media.com/kf/Sea38ee3f724e44938d7b6842577628cdH.jpg,,Digital Camera for Canon EOS Nikon Olympus SLR/DSLR PU Leather Strap Black Camera Hand Grip Leather Wrist Strap,UGX 28575,UGX 26338,7%,UGX,7.0,UGX 1844,7.0,UGX 1844,132,89.1%,https://s.click.aliexpress.com/e/_c4oyvbNP,,,,,,
1005007522441486,https://ae-pic-a1.aliexpress-media.com/kf/S01859226d17b458780948a32318cfbd0m.jpg,,Military Tactical Pen Multifunction Aluminum AlloyOutdoor Camping Security Survival Tools Emergency Glass Breaker Pen,UGX 46745,UGX 20842,55%,UGX,7.0,UGX 1459,7.0,UGX 1459,2897,94.8%,https://s.click.aliexpress.com/e/_c3fIf8HL,,,,,,
1005009258374906,https://ae-pic-a1.aliexpress-media.com/kf/S3c479a8d06154546bcabc26a153521de8.jpg,,"4 Pcs/set, Casual Men's Watchs Men's Watch Set Quartz Watch PU Leather Strap, The Most Ideal Gift for Men!",UGX 62800,UGX 28704,54%,UGX,18.0,UGX 5167,18.0,UGX 5167,1601,90.7%,https://s.click.aliexpress.com/e/_c4B8p6OV,,,,,,
1005006661425696,https://ae-pic-a1.aliexpress-media.com/kf/S343a09fcb39740bba1b7668155a71364O.jpg,,TTGO T-Call V1.3 ESP32 Wireless Module SIM Antenna SIM Card SIM800L Module And GSM/GPRS Antenna for arduino,UGX 169887,UGX 77779,54%,UGX,7.0,UGX 5445,7.0,UGX 5445,141,95.5%,https://s.click.aliexpress.com/e/_c3tVTXYd,,,,,,
1005008592384840,https://ae-pic-a1.aliexpress-media.com/kf/S0bc719d0e99943d8b52e1bc75bb225ba5.jpg,https://video.aliexpress-media.com/play/u/ae_sg_item/2675832008/p/1/e/6/t/10301/1100183356548.mp4,T21 Battery Storage Box 21*18650 with Flashlight Power Bank Case Battery Holder Box Dual USB 18650 Battery DIY Shell Storage,UGX 103394,UGX 56869,44%,UGX,7.0,UGX 3981,7.0,UGX 3981,540,93.3%,https://s.click.aliexpress.com/e/_c3oyod2v,,,,,,
1005005807428108,https://ae-pic-a1.aliexpress-media.com/kf/S5e9a1e229ad1425289523dea1c32880dt.jpg,https://video.aliexpress-media.com/play/u/ae_sg_item/2677323403/p/1/e/6/t/10301/1100159986248.mp4,Stainless Steel Potato Chip Slicer Dough Vegetable Fruit Crinkle Wavy Slicer Knife Potato Cutter Chopper French Fry Maker Tool,UGX 45963,UGX 20916,54%,UGX,7.0,UGX 1464,7.0,UGX 1464,2963,95.7%,https://s.click.aliexpress.com/e/_c3tTNTCd,,,,,,
1005008270014024,https://ae-pic-a1.aliexpress-media.com/kf/Se3f7b94fcb5340e686c2f263977fc7faz.jpg,,"USB-C Nylon Braided Type-C Fast Charging Cable for iPhone16/15, Samsung S24/23/22, iPad Pro, Car Charging Cable Support Carplay.",UGX 24406,UGX 21423,12%,UGX,8.0,UGX 1714,9.0,UGX 1928,373,95.9%,https://s.click.aliexpress.com/e/_c4BoVSut,,,,,,
1005005278957762,https://ae-pic-a1.aliexpress-media.com/kf/S326d9c8a5cec4662a22cc338b8de54438.jpg,,100pcs High-quality 5mm LED Light Emitting Diode Super Bright F5 Lamp Bead Red Blue Pink White Green Yellow Orange Purple/UV,UGX 22556,UGX 20490,9%,UGX,7.0,UGX 1434,7.0,UGX 1434,59,100.0%,https://s.click.aliexpress.com/e/_c4tw1r05,,,,,,
1005009698430641,https://ae-pic-a1.aliexpress-media.com/kf/S048ae229558645178bc8f4b8afa1e0c5C.jpg,,Q86 Retro Camera Wireless Earbuds Semi-In-Ear Earphones with Screen Digital Display and Gaming Low Latency,UGX 34188,UGX 34188,0%,UGX,7.0,UGX 2393,7.0,UGX 2393,52,95.3%,https://s.click.aliexpress.com/e/_c4DSazrj,,,,,,
1005005069039131,https://ae-pic-a1.aliexpress-media.com/kf/H6b202da7304b4eec83a1f3012defe1a7c.jpg,https://video.aliexpress-media.com/play/u/ae_sg_item/2673483533/p/1/e/6/t/10301/1100120711400.mp4,Universal Car Polish Pad 3/4inch For M10/M14 Soft Wool Machine Waxing Polisher Car Body Polishing Discs Cleaning Accessories,UGX 53433,UGX 24650,53%,UGX,7.0,UGX 1726,7.0,UGX 1726,11253,93.7%,https://s.click.aliexpress.com/e/_c4tZWtep,,,,,,
1005009021721153,https://ae-pic-a1.aliexpress-media.com/kf/S44ec933558164c638255dc10a640cc4fT.jpg,,4pcs Men's Boxer Shorts Ice Silk Underwear Plus Size Underpants Cool Breathable Sexy Slim Panties Mesh Lingerie Wholesale Lots,UGX 120268,UGX 56864,52%,UGX,7.0,UGX 3980,7.0,UGX 3980,5402,89.9%,https://s.click.aliexpress.com/e/_c37B7V6h,,,,,,
1005006452021481,https://ae-pic-a1.aliexpress-media.com/kf/S1708ba35b90b4ad6a0196ecc55c78698B.jpg,https://video.aliexpress-media.com/play/u/ae_sg_item/227801117/p/1/e/6/t/10301/1100214638080.mp4,BN Copper Electrical Wire Cable Connection Crimp Sleeve Tubular Ferrule Lug Connector Non-Insulated Tube Butt Splices Terminal,UGX 30776,UGX 28297,8%,UGX,8.0,UGX 2264,7.0,UGX 1981,728,97.8%,https://s.click.aliexpress.com/e/_c3mw30FJ,,,,,,
1005006960491992,https://ae-pic-a1.aliexpress-media.com/kf/S758014c72d2f49f4b5a52596c91cc536i.jpg,,5Pcs 5ml Spray Scent Pump Perfume Bottle Refillable Spray Atomizer Bottle Mini Travel Empty Cosmetic Containers,UGX 55451,UGX 25660,53%,UGX,7.0,UGX 1796,7.0,UGX 1796,7750,94.7%,https://s.click.aliexpress.com/e/_c3bidSrJ,,,,,,
1005008365025184,https://ae-pic-a1.aliexpress-media.com/kf/S315af651c0b74465a6d197b1f6417d54T.jpg,,Parachute Straps for Apple watch 11 10 Band 46mm 42mm 45mm Ultra 3 49mm 44mm 41 Braided bracelet correa iWatch Series 9 8 SE 6 7,UGX 30528,UGX 28462,6%,UGX,18.0,UGX 5123,18.0,UGX 5123,6914,95.9%,https://s.click.aliexpress.com/e/_c30z9HuN,,,,,,
1005006362995957,https://ae-pic-a1.aliexpress-media.com/kf/Sc1656463676c4f0eb92e5cf4b8b618e80.jpg,,12 Pcs Set Wrench Socket Set Motorcycle Bicycle Repairing Tool Hardware Car Boat Auto Repair Tools Bike Multitool Bike Tool Kit,UGX 170816,UGX 83342,51%,UGX,7.0,UGX 5834,7.0,UGX 5834,23128,90.6%,https://s.click.aliexpress.com/e/_c4sg90xB,,,,,,
1005005825573768,https://ae-pic-a1.aliexpress-media.com/kf/Sca81791f448347609eed94ec2c4be851Z.jpg,,1Meter 0.15*27mm Nickel Strip Lithium Battery Nickel Strips For 18650 Battery Pack 2P/3P/4P5P/6P/7P Spot Welding Nickel Belt,UGX 38064,UGX 16966,55%,UGX,7.0,UGX 1188,7.0,UGX 1188,4754,96.7%,https://s.click.aliexpress.com/e/_c4q2T7e1,,,,,,
4000315430338,https://ae-pic-a1.aliexpress-media.com/kf/S41721a9c66d14ac09d872f8610d47da7Y.jpg,,Cross Bible Christian Men Bracelet Adjustable Length Silicone Bangles Wristband Scripture Love Never Fails Male Jewelry,UGX 17887,UGX 11980,33%,UGX,7.0,UGX 839,7.0,UGX 839,53,98.4%,https://s.click.aliexpress.com/e/_c2x3txTx,,,,,,
1005007102508122,https://ae-pic-a1.aliexpress-media.com/kf/S50bef00c1e504266a99b010dc77533b0v.jpg,,MP4 Music Player 2.0 Inch Metal MP3 Player HiFi Bluetooth 5.0 Support Card Built-in Speaker With Alarm Clock E-Book Player,UGX 86331,UGX 86331,0%,UGX,7.0,UGX 6043,7.0,UGX 6043,28,94.0%,https://s.click.aliexpress.com/e/_c33z88Gp,,,,,,
1005007221058021,https://ae-pic-a1.aliexpress-media.com/kf/Sd4182be2b8164829a2001a392a89db2fs.jpg,,"Summer mosquito proof door and window screens, available in various sizes (white)",UGX 53164,UGX 4090,92%,UGX,7.0,UGX 286,7.0,UGX 286,10105,94.9%,https://s.click.aliexpress.com/e/_c4kGKV5n,,,,,,
1005008892838406,https://ae-pic-a1.aliexpress-media.com/kf/S3b627164ea984db4a0d22068c23f087fL.jpg,,3Pairs Men's Invisible Socks Thin Breathable Comfortable High Quality Waffle Pattern Boat Sock Sweat-absorbing Casual Mesh Sox,UGX 59144,UGX 27506,53%,UGX,7.0,UGX 1925,7.0,UGX 1925,3656,94.0%,https://s.click.aliexpress.com/e/_c3d0t9oN,,,,,,
1005006969450465,https://ae-pic-a1.aliexpress-media.com/kf/S0470a1f2121e4d12ab3849e6ee9aa417b.jpeg,,Summer Quick Drying Men's Sets Fashion tracksuits Casual Breathable Short Sleeve 3D Printed Sports T-shirt+Shorts Basketball Set,UGX 144332,UGX 70100,51%,UGX,9.0,UGX 6309,9.0,UGX 6309,455,76.8%,https://s.click.aliexpress.com/e/_c2RPyEMD,,,,,,
1005008744186806,https://ae-pic-a1.aliexpress-media.com/kf/S9f71844a51be4cca8676439d018581b2g.jpg,,AWD Emblem Sweden Flag Moose Deer Badge Car Trunk Sticker Accessories For Volvo Rdesign Polestar V50 S60 XC60 S40 XC40 XC90 V60,UGX 28606,UGX 26540,7%,UGX,9.0,UGX 2389,9.0,UGX 2389,620,92.9%,https://s.click.aliexpress.com/e/_c4CegRnF,,,,,,
1005005545472652,https://ae-pic-a1.aliexpress-media.com/kf/S180f8627bb36464196b82cf4d3c42ce8Q.jpg,,1/3Pcs High quality Universal BGA Reballing Stencil square hole Direct heating BGA Template for Mobile phone laptop CPU IC Chip,UGX 22721,UGX 4090,82%,UGX,7.0,UGX 286,7.0,UGX 286,813,97.4%,https://s.click.aliexpress.com/e/_c2wcwUxP,,,,,,
1005006437105453,https://ae-pic-a1.aliexpress-media.com/kf/S3bc0030f8fc04c1e9b7777f183ff37baG.jpg,,Medical Digital Wrist Blood Pressure Monitor Heart Rate Pulse Meter Measure Sphygmomanometer PR LCD Screen Portable Health Care,UGX 100912,UGX 46372,54%,UGX,7.0,UGX 3246,7.0,UGX 3246,3235,85.1%,https://s.click.aliexpress.com/e/_c4eo54I9,,,,,,
1005006540337995,https://ae-pic-a1.aliexpress-media.com/kf/Sbebf5a354dae461f8be3c478d3926bc0C.jpg,,Original KZ EDX Lite HIFI Bass Earphones Stereo Music Earbuds In Ear IEM Monitor Stage Live Headphones Gaming Sports Headset Pro,UGX 63766,UGX 29817,53%,UGX,7.0,UGX 2087,7.0,UGX 2087,220,92.8%,https://s.click.aliexpress.com/e/_c4CoHgwd,,,,,,
1005007091201082,https://ae-pic-a1.aliexpress-media.com/kf/Sd2935d8c311c4bc6b4207ac58b13ce5a0.jpg,https://video.aliexpress-media.com/play/u/ae_sg_item/2677514662/p/1/e/6/t/10301/1100202956601.mp4,RGB Smart Bluetooth Speaker Music Bulb Colorful Stage Light Bulb With Remote Control E27 12W Led Dimmable Bulb For Home Party,UGX 75223,UGX 35546,52%,UGX,7.0,UGX 2488,7.0,UGX 2488,1437,86.4%,https://s.click.aliexpress.com/e/_c3yp7weH,,,,,,
1005010738793144,https://ae-pic-a1.aliexpress-media.com/kf/S0274056b4a244bef9778fe48f4a2699ee.jpg,,New girls' summer style bubble sleeve flower printed mesh dress,UGX 97904,UGX 43951,55%,UGX,9.0,UGX 3956,9.0,UGX 3956,13,100.0%,https://s.click.aliexpress.com/e/_c4MYLiyp,,,,,,
1005007698755786,https://ae-pic-a1.aliexpress-media.com/kf/S1772e46f4e86468fbd5586734ba9dea9D.jpg,,"Vintage Large Capacity Tote Bag, Retro Vegan Shoulder Bag, Women's Casual Handbag For Commute",UGX 115010,UGX 55439,51%,UGX,7.0,UGX 3881,7.0,UGX 3881,352,80.3%,https://s.click.aliexpress.com/e/_c4ecEcYv,,,,,,
1005006731306641,https://ae-pic-a1.aliexpress-media.com/kf/S511f523ec19846a1b6d00028adfa7d45l.jpg,,5 Pairs Baby Children's Socks Cartoon Spring Autumn Animal Kids Sock Girls Cute Boy Toddler Socks 1-12 Years,UGX 59572,UGX 27720,53%,UGX,9.0,UGX 2495,9.0,UGX 2495,308,95.3%,https://s.click.aliexpress.com/e/_c3dHzh8H,,,,,,
1005007486253970,https://ae-pic-a1.aliexpress-media.com/kf/Sb528bb9cdf7d42c286736aefc5798b9fd.jpg,,Rhinestone Rivet Belt Glitter PU Belt Hip Hop Jeans Pants Belt Punk Cowboy Cowgirl Belts For Women Men Fairly Fine,UGX 177749,UGX 86809,51%,UGX,18.0,UGX 15626,18.0,UGX 15626,68,97.8%,https://s.click.aliexpress.com/e/_c3cKbIBJ,,,,,,
1005005929210186,https://ae-pic-a1.aliexpress-media.com/kf/Sc41ec1a25f92484e8b0b3b475956962a1.jpg,https://video.aliexpress-media.com/play/u/ae_sg_item/230140658/p/1/e/6/t/10301/1100076708483.mp4,VR Glasses Virtual Reality Headset Viar Devices Helmet 3D Lenses Smart Goggles For Smartphones Phone Mobile Gogle Game Accessory,UGX 127384,UGX 61626,51%,UGX,7.0,UGX 4314,7.0,UGX 4314,976,82.1%,https://s.click.aliexpress.com/e/_c4nddzG5,,,,,,
1005006030296273,https://ae-pic-a1.aliexpress-media.com/kf/S731ee6e01b7a4a31b945608ef99839e44.jpg,https://video.aliexpress-media.com/play/u/ae_sg_item/229806002/p/1/e/6/t/10301/1100153681203.mp4,NAVIFORCE Brand Men Fashion Quartz Watches Male Leather Strap Sport Waterproof Wristwatches CalendarClock Relogio Masculino,UGX 119168,UGX 56326,52%,UGX,18.0,UGX 10139,18.0,UGX 10139,1329,95.8%,https://s.click.aliexpress.com/e/_c4BuVARr,,,,,,
1005009410524245,https://ae-pic-a1.aliexpress-media.com/kf/Sf59b00cddb91449192475486222c0bfd6.jpg,,Luxury Men Business Watches Fashion Square Dial Stainless Steel Strap Quartz Watch with Calendar For Mens Clock（Without Box）,UGX 62922,UGX 28765,54%,UGX,18.0,UGX 5178,18.0,UGX 5178,10541,79.1%,https://s.click.aliexpress.com/e/_c3Pubyml,,,,,,
1005009504921136,https://ae-pic-a1.aliexpress-media.com/kf/S35f515004f594202ac03ce0c783fd201B.jpg,,leather strap For Google Pixel Watch1/2/3 45mm stylish and lightweight For Google Pixel Watch 41mm strap,UGX 54289,UGX 21820,59%,UGX,18.0,UGX 3928,18.0,UGX 3928,223,90.2%,https://s.click.aliexpress.com/e/_c3U04WMZ,,,,,,
1005008085302611,https://ae-pic-a1.aliexpress-media.com/kf/S5e9ae2ad18a040748a90071b3b786763T.jpg,,5 Pairs Kids Non-slip Socks Cotton Boys and Girls Cute Cartoon Patterned Comfy Breathable Baby Toddler Floor Socks,UGX 69011,UGX 31058,54%,UGX,9.0,UGX 2795,9.0,UGX 2795,714,96.2%,https://s.click.aliexpress.com/e/_c2uUygzT,,,,,,
1005007952945456,https://ae-pic-a1.aliexpress-media.com/kf/S3c4b677443114f7b9800e301d2b9d740e.jpg,,Earphone Case for Anker Soundcore R50i NC Soft Silicone Cover Headphone Earbud Protective Housing Case Bag,UGX 9915,UGX 5866,40%,UGX,7.0,UGX 411,7.0,UGX 411,115,91.3%,https://s.click.aliexpress.com/e/_c3AoZzs9,,,,,,
1005010307782867,https://ae-pic-a1.aliexpress-media.com/kf/S416af8dcfad44d878ad328d562a4f716J.jpg,,Plating Magnetic Wireless Charge Clear Phone Case For Samsung Galaxy S24 S23 S25 Ultra S22 Plus S21 Transparent Cover,UGX 55793,UGX 24712,55%,UGX,7.0,UGX 1730,7.0,UGX 1730,838,88.8%,https://s.click.aliexpress.com/e/_c3Wb6X9B,,,,,,
4001010049879,https://ae-pic-a1.aliexpress-media.com/kf/S02a0d40b38b4454f9b56806fba2ad81a5.jpg,https://video.aliexpress-media.com/play/u/ae_sg_item/221097294/p/1/e/6/t/10301/1100091161280.mp4,Hot Fashion Unisex Snake Chain Women Necklace Choker Stainless Steel Herringbone Gold Color Chain Necklace For Women Jewelry,UGX 18094,UGX 16028,11%,UGX,7.0,UGX 1122,7.0,UGX 1122,343,90.3%,https://s.click.aliexpress.com/e/_c3gyLW17,,,,,,
1005009708474905,https://ae-pic-a1.aliexpress-media.com/kf/Sbad7618f2dcb47b2995e928bb7cf41bdY.jpg,,Men's Casual Pants Male Summer Breathable Trousers Solid Color High Quality Sweatpants Hawaiian Beach Sports Jogging Pants,UGX 132899,UGX 64384,51%,UGX,9.0,UGX 5795,9.0,UGX 5795,488,84.6%,https://s.click.aliexpress.com/e/_c3kWutO1,,,,,,
1005006415617108,https://ae-pic-a1.aliexpress-media.com/kf/Sc2b857ddb3ba4b5ca9108ca88dd3b9f3u.jpg,,New Zeblaze GTS 3 Voice Calling Smart Watch Ultra-big 2.03'' HD Screen 24H Health Monitor 100+ Sports Modes 200+ Watch Faces,UGX 137374,UGX 66621,51%,UGX,7.0,UGX 4663,7.0,UGX 4663,1462,95.5%,https://s.click.aliexpress.com/e/_c3rMHNxj,,,,,,
1005009558261767,https://ae-pic-a1.aliexpress-media.com/kf/S7ac608c069c547b8aee975530ceaa13bF.jpg,,Acrylic Irregular Square Round Beaded Bracelet for Women European and American Simple Bracelet Korean Fashion Hand Accessories,UGX 46146,UGX 20548,55%,UGX,7.0,UGX 1438,7.0,UGX 1438,953,96.9%,https://s.click.aliexpress.com/e/_c4axlT3x,,,,,,
1005007728177901,https://ae-pic-a1.aliexpress-media.com/kf/S36dad59a6fbe4619a780f1f33d76cdc55.jpg,,Rotatable 3in1 Ceiling Fan with Remote Control Lighting Lamp E27 Converter Base Lighting Base Bedroom Living Room Miflame,UGX 149712,UGX 33546,77%,UGX,7.0,UGX 2348,7.0,UGX 2348,8137,90.2%,https://s.click.aliexpress.com/e/_c4BmPOst,,,,,,
1005005916318574,https://ae-pic-a1.aliexpress-media.com/kf/S5958a75468874419a71bc431426417c4g.jpg,,KINGSEVEN Men Vintage Aluminum Polarized Sunglasses Classic Brand Sun glasses Coating Lens Driving Eyewear For Men/Women,UGX 107613,UGX 51741,51%,UGX,18.0,UGX 9313,18.0,UGX 9313,1568,96.6%,https://s.click.aliexpress.com/e/_c3TVtHw1,,,,,,
1005005481958644,https://ae-pic-a1.aliexpress-media.com/kf/Sa00f888769ab40c78f8ee8a8c2f441316.jpg,,Top Plaza 7 Chakra Treatment Crystal Bracelet Yoga Stone Adjustable Beads Bracelet Meditation Relaxation Anxiety Women's Bracele,UGX 41377,UGX 18207,55%,UGX,7.0,UGX 1274,7.0,UGX 1274,1826,95.5%,https://s.click.aliexpress.com/e/_c3BDEQEV,,,,,,
1005007516771778,https://ae-pic-a1.aliexpress-media.com/kf/Sf454c61aa50f4d62a6cfcf535d0dd261W.jpg,,Warm Women Men Winter Beanies Hats Gothic Street Punk Knitted Bonnet Caps 100% acrylic Fashion Keep Warm Skullies Beanies Hats,UGX 52834,UGX 24351,53%,UGX,7.0,UGX 1705,7.0,UGX 1705,4327,95.4%,https://s.click.aliexpress.com/e/_c3X92SfP,,,,,,
1005007456082613,https://ae-pic-a1.aliexpress-media.com/kf/S84cb2312d0a34b43914e9175bb34fdf8x.jpg,,"Cooling Sports Headband Women Men,Elastic Non-Slip Sweatband, Moisture Wicking Hairband,Head Band for Yoga,Hiking, Gym, Running",UGX 30232,UGX 28166,6%,UGX,18.0,UGX 5070,18.0,UGX 5070,139,88.0%,https://s.click.aliexpress.com/e/_c3p3GTgl,,,,,,
1005006343075534,https://ae-pic-a1.aliexpress-media.com/kf/S75edc9d1d5d548928d4bcd83b455444ap.jpg,,Roller for Face Neck Eye Resin Facial Massage Instrumenr Health Care Scraping Board Musclee Beauty Skincare Tools,UGX 36156,UGX 16012,55%,UGX,7.0,UGX 1121,7.0,UGX 1121,18954,92.9%,https://s.click.aliexpress.com/e/_c3hiWYHT,,,,,,
1005010137337697,https://ae-pic-a1.aliexpress-media.com/kf/Seeaa12f7da394a888f76d8174516280d6.jpg,,"Professional Adult Racing Swim Goggles - High Definition, Waterproof, Anti-Fog, Wide-Angle Lenses with Adjustable Strap",UGX 60220,UGX 28044,53%,UGX,7.0,UGX 1963,7.0,UGX 1963,117,96.1%,https://s.click.aliexpress.com/e/_c3vrWmLB,,,,,,
1005008869787647,https://ae-pic-a1.aliexpress-media.com/kf/S22930784067f4dc3a0e437ca79ff97d44.jpg,,160W Multi Ports USB Type C Charger Fast Charging Phone Charger Adapter For iPhone Samsung Xiaomi EU/US/UK Plug USB Wall Charger,UGX 69182,UGX 32525,52%,UGX,7.0,UGX 2277,7.0,UGX 2277,2530,84.7%,https://s.click.aliexpress.com/e/_c3B7dTEZ,,,,,,
1005006866737190,https://ae-pic-a1.aliexpress-media.com/kf/S2e4b3e8855f84aaabcf9f9b30f4feebdg.jpg,,Kids Girl Summer New Sling Dress Flower Print Suspenders Dresses Daily Comfortable Casual Clothing for Children Girl 4-7 Years,UGX 79209,UGX 37539,52%,UGX,9.0,UGX 3379,9.0,UGX 3379,147,96.4%,https://s.click.aliexpress.com/e/_c3sS1rYd,,,,,,
1005008423486074,https://ae-pic-a1.aliexpress-media.com/kf/Sbd6e6c4d1ced412bb8f623effa421524A.jpg,,MIAOTU 200w Photography Light LED COB live Video Light fill light High Brightness 2700-6500K lighting photographic lights,UGX 383608,UGX 178232,53%,UGX,7.0,UGX 12476,7.0,UGX 12476,367,86.4%,https://s.click.aliexpress.com/e/_c33hWcgt,,,,,,
1005009572054245,https://ae-pic-a1.aliexpress-media.com/kf/S98e338fc05d8491890be99d2192abaeeV.jpg,,Wallet Crossbody Phone Case For Samsung Galaxy Z Flip 7 FE 6 5 4 3 Flip6 Flip7 5G with Card Holder Wrist Strap Lanyard Leather,UGX 89492,UGX 40889,54%,UGX,7.0,UGX 2862,7.0,UGX 2862,313,89.9%,https://s.click.aliexpress.com/e/_c3rEYggD,,,,,,
1005007621464363,https://ae-pic-a1.aliexpress-media.com/kf/Sc8fb0e5848b5494ab21909dd148cdad6k.jpg,,Unisex Asher Embroidered Perforated Iron Ring Baseball Caps Spring Autumn Outdoor Adjustable Casual Hats Sunscreen Hat,UGX 69048,UGX 31767,53%,UGX,18.0,UGX 5718,18.0,UGX 5718,326,90.4%,https://s.click.aliexpress.com/e/_c42lsKdx,,,,,,
1005007746872531,https://ae-pic-a1.aliexpress-media.com/kf/S8c57698aa7e841beb4d0b0cc4e129784z.jpg,,Women Ice Silk Panties Sexy Briefs Seamless Underwear Female Underpants Summer Soft Breathable Panties Stretch Lingerie,UGX 40411,UGX 18139,55%,UGX,7.0,UGX 1270,7.0,UGX 1270,27,98.9%,https://s.click.aliexpress.com/e/_c3EcWWAz,,,,,,
1005007431465111,https://ae-pic-a1.aliexpress-media.com/kf/S9967425dfe9243e4af5da8336b08bbf1n.jpg,,"Letter shaped silicone casting mould set for DIY keychains and jewellery pendants, epoxy resin moulds with hanging holes",UGX 95630,UGX 45749,52%,UGX,7.0,UGX 3202,7.0,UGX 3202,336,88.1%,https://s.click.aliexpress.com/e/_c4P9DLOp,,,,,,
1005008444079020,https://ae-pic-a1.aliexpress-media.com/kf/S7aa1bbfc531c49faa3115d253e0e1bf8c.jpg,,"1 soft loofah brush and bristle bath body brush with curved long handle - odorless, manual exfoliating scrub suitable for full",UGX 45449,UGX 20658,54%,UGX,7.0,UGX 1446,7.0,UGX 1446,1294,81.8%,https://s.click.aliexpress.com/e/_c2IQ7vLj,,,,,,
1005007539712775,https://ae-pic-a1.aliexpress-media.com/kf/A18d6551e41bb4bddb829ca388feb2cb2b.jpg,,New Without Ties Elastic Laces No Tie Shoe Laces Press Lock Shoelaces Sneaker Kids Adult 8MM Widened Flat Shoelace for Shoes,UGX 37330,UGX 4090,89%,UGX,7.0,UGX 286,7.0,UGX 286,43914,94.5%,https://s.click.aliexpress.com/e/_c4BSC2Xf,,,,,,
1005008498606576,https://ae-pic-a1.aliexpress-media.com/kf/S5016617ef677472b87f82d1a6d3c361ae.jpg,,For Huawei Iphone Xiaomi Mobile Phone Wall Holder Universal Cellphone Charge Hook Hanging Stand Bracket Hooks Charging Dock,UGX 13786,UGX 4824,65%,UGX,7.0,UGX 338,7.0,UGX 338,306,83.8%,https://s.click.aliexpress.com/e/_c3BOfOXJ,,,,,,
1005008371156873,https://ae-pic-a1.aliexpress-media.com/kf/S1691ee8c1ed441cd98a5dee2dee1c1ddk.jpg,,For OPPO Find X8 Pro Case Magnetic Holder Luxury Plating Airbag Soft Silicone Transparent Camera Protection Shockproof Cover,UGX 36364,UGX 34298,5%,UGX,7.0,UGX 2401,7.0,UGX 2401,18,97.3%,https://s.click.aliexpress.com/e/_c4nAL6Hb,,,,,,
1005007630583338,https://ae-pic-a1.aliexpress-media.com/kf/Sc9df3f1315784280b2441fd593fad2ael.jpg,,2024 New Men's Shirt White Classic French Cuff Long Sleeve Formal Business Buttons Male Dress Shirts Regular Fit Cufflinks Shirt,UGX 166549,UGX 78070,53%,UGX,9.0,UGX 7026,9.0,UGX 7026,23,86.9%,https://s.click.aliexpress.com/e/_c3pxG5Ip,,,,,,
1005007573820052,https://ae-pic-a1.aliexpress-media.com/kf/S010b7c0527724d9497aed579437661dfw.jpg,,LED Starry Sky Night Lights USB Projector Lamp Magic Ball Moon Star Christmas Lights Home Room Atmosphere Decorations,UGX 57530,UGX 4090,92%,UGX,7.0,UGX 286,7.0,UGX 286,37106,85.6%,https://s.click.aliexpress.com/e/_c3mGlJcz,,,,,,
1005005770653071,https://ae-pic-a1.aliexpress-media.com/kf/S298181be8ddc4ad2b6c49c7034b7da66h.jpg,,Case for Sony Xperia 1 V 10 V 5 V coque Luxury textile Leather skin soft hard phone cover funda for sony xperia 1 v case capa,UGX 29248,UGX 27182,7%,UGX,7.0,UGX 1903,7.0,UGX 1903,54,98.3%,https://s.click.aliexpress.com/e/_c4rkc4Sz,,,,,,
1005007532221314,https://ae-pic-a1.aliexpress-media.com/kf/S9eb7deb575c34e5f866364a9057c3673i.jpg,,Construction Truck Balloons Excavator Cement Truck Forklift Crane Foil Balloon Kid Boys Birthday Party Construction Theme Decors,UGX 19594,UGX 17528,10%,UGX,7.0,UGX 1227,7.0,UGX 1227,420,95.7%,https://s.click.aliexpress.com/e/_c3obR2nB,,,,,,
1005009387387506,https://ae-pic-a1.aliexpress-media.com/kf/S6e6e536bf2fb4c67a68fff8803fb6936p.jpg,,"Fashion 2025 Simple Men's Quartz Watch, Casual Business PC Strap, Men's Life Waterproof Watches",UGX 62738,UGX 24913,60%,UGX,18.0,UGX 4484,18.0,UGX 4484,332,82.0%,https://s.click.aliexpress.com/e/_c3D40h1B,,,,,,
1005007426232912,https://ae-pic-a1.aliexpress-media.com/kf/S02dc8a3bb10348e8a7d9b649e99e322ex.jpg,,CHRLCK Men's Running Quick Drying T-shirts Breathable Hiking Fishing Tees Soft Elasticity Outdoor Sports Short Shirt Summer,UGX 82449,UGX 4090,95%,UGX,7.0,UGX 286,7.0,UGX 286,29457,92.0%,https://s.click.aliexpress.com/e/_c3uQVWuD,,,,,,
1005009168579852,https://ae-pic-a1.aliexpress-media.com/kf/S8fa179b285ae4df8abfd9552723258bcl.jpg,,QKZ AK3 FiLe Wired Earphone with Microphone HiFi Music Monitor Bass Headphones Noise Cancelling Headset For Sport Gaming Earbuds,UGX 41451,UGX 18244,55%,UGX,7.0,UGX 1277,7.0,UGX 1277,10435,90.3%,https://s.click.aliexpress.com/e/_c4CUOVFL,,,,,,
